timestamp,round_id,multiplier,bet_placed,stake_amount,cashout_time,profit_loss,model_prediction,model_confidence,model_predicted_range_low,model_predicted_range_high
2025-10-15 10:49:32,20251015104932951081,4.939016163646105,False,0,0.0,0.0,0.0,0.0,0.0,0.0
2025-10-15 10:49:36,20251015104936463240,2.867475444687752,False,0,0.0,0.0,0.0,0.0,0.0,0.0
2025-10-15 10:49:49,20251015104949277374,3.972719502439727,False,0,0.0,0.0,0.0,0.0,0.0,0.0
2025-10-15 10:49:52,20251015104952528524,4.094189861331645,False,0,0.0,0.0,0.0,0.0,0.0,0.0
2025-10-15 13:53:54,20251015135354225654,2.06301475552683,False,0,0.0,0.0,0.0,0.0,0.0,0.0
2025-10-15 13:53:57,20251015135357194395,1.8981270900010023,False,0,0.0,0.0,0.0,0.0,0.0,0.0
2025-10-15 13:54:11,20251015135411511981,4.490849795104748,False,0,0.0,0.0,0.0,0.0,0.0,0.0
2025-10-15 13:54:14,20251015135414561418,3.4439662177572914,False,0,0.0,0.0,0.0,0.0,0.0,0.0
2025-10-15 13:54:22,20251015135422108783,3.566962691312495,False,0,0.0,0.0,0.0,0.0,0.0,0.0
2025-10-15 13:54:25,20251015135425166397,3.050663960310771,False,0,0.0,0.0,0.0,0.0,0.0,0.0
2025-10-15 13:54:39,20251015135439811186,1.6425252228047862,False,0,0.0,0.0,0.0,0.0,0.0,0.0
2025-10-15 13:54:42,20251015135442808390,4.018317037881797,False,0,0.0,0.0,0.0,0.0,0.0,0.0
2025-10-15 13:54:48,20251015135448145138,2.673208151548486,False,0,0.0,0.0,0.0,0.0,0.0,0.0
2025-10-15 13:54:5s1,20251015135451372932,1.122405102526847,False,0,0.0,0.0,0.0,0.0,0.0,0.0
2025-10-15 13:54:59,20251015135459300988,4.810390438460229,False,0,0.0,0.0,0.0,0.0,0.0,0.0
2025-10-15 13:55:02,20251015135502356764,3.9444303412136703,False,0,0.0,0.0,0.0,0.0,0.0,0.0
2025-10-15 13:55:23,20251015135523096775,4.911807417901315,False,0,0.0,0.0,0.0,0.0,0.0,0.0
2025-10-15 13:55:30,20251015135530069860,2.272598458590997,False,0,0.0,0.0,0.0,0.0,0.0,0.0
2025-10-15 13:55:33,20251015135533436548,1.5717768261299776,False,0,0.0,0.0,0.0,0.0,0.0,0.0
2025-10-15 13:55:41,20251015135541435470,2.8157493949403283,False,0,0.0,0.0,0.0,0.0,0.0,0.0
2025-10-15 13:55:50,20251015135550793232,1.45,True,100,2.5,45.0,1.79,71.83,1.42,2.16
2025-10-15 13:56:06,20251015135606978443,1.45,True,125,2.5,56.25,1.96,64.92,1.69,2.22
2025-10-15 13:56:28,20251015135628026464,1.45,True,156,2.5,70.19999999999999,2.55,55.48,2.3,2.8
2025-10-15 13:57:05,20251015135705144490,1.45,True,195,2.5,87.75,2.11,51.18,1.75,2.47
2025-10-15 13:57:53,20251015135753174001,1.45,True,243,2.5,109.34999999999997,2.39,62.4,2.27,2.51
2025-10-15 13:58:37,20251015135837839172,1.45,True,303,2.5,136.34999999999997,2.07,78.16,1.64,2.5
2025-10-15 13:58:47,20251015135847322381,1.45,True,378,2.5,170.10000000000002,1.9,65.63,1.36,2.44
2025-10-15 13:59:18,20251015135918270407,1.45,True,472,2.5,212.4,2.08,61.15,1.82,2.33
2025-10-15 13:59:35,20251015135935421724,1.45,True,500,2.5,225.0,2.44,78.9,2.32,2.55
2025-10-15 13:59:51,20251015135951561330,1.45,True,500,2.5,225.0,2.03,75.49,1.74,2.31
2025-10-15 14:00:07,20251015140007553278,1.45,True,500,2.5,225.0,2.28,61.77,1.9,2.66
2025-10-15 14:00:28,20251015140028538842,1.45,True,500,2.5,225.0,2.25,61.08,1.73,2.76
2025-10-15 14:00:46,20251015140046051002,1.45,True,500,2.5,225.0,2.09,67.13,1.67,2.52
2025-10-15 14:00:56,20251015140056669320,1.45,True,500,2.5,225.0,2.19,75.98,1.69,2.68
2025-10-15 14:01:14,20251015140114555369,1.45,True,500,2.5,225.0,2.43,64.46,2.14,2.72
2025-10-15 14:01:29,20251015140129717954,1.45,True,500,2.5,225.0,1.91,70.09,1.76,2.05
2025-10-15 14:01:39,20251015140139737407,1.45,True,500,2.5,225.0,2.08,61.71,1.92,2.24
2025-10-15 14:01:54,20251015140154903548,1.45,True,500,2.5,225.0,2.25,64.27,1.87,2.62
2025-10-15 14:57:05,20251015145705289728,1.45,True,100,2.5,45.0,2.06,66.15,1.53,2.58
2025-10-15 14:57:36,20251015145736947662,1.45,True,125,2.5,56.25,2.45,65.19,1.99,2.92
2025-10-15 14:57:51,20251015145751055027,1.45,True,156,2.5,70.19999999999999,2.19,66.79,1.76,2.62
2025-10-15 14:58:04,20251015145804540656,1.45,True,195,2.5,87.75,2.32,80.9,2.23,2.4
2025-10-15 15:07:50,20251015150750656403,1.45,True,100,2.5,45.0,1.9,84.24,1.7,2.09
2025-10-15 15:07:53,20251015150753833962,3.761190447712246,False,0,0.0,0.0,2.42,46.97,2.11,2.73
2025-10-15 15:08:06,20251015150806827007,1.9359119547697552,False,0,0.0,0.0,2.47,64.62,2.02,2.92
2025-10-15 15:08:19,20251015150819181815,1.45,True,125,2.5,56.25,2.1,65.7,1.8,2.4
2025-10-15 15:08:50,20251015150850938679,1.45,True,156,2.5,70.19999999999999,2.18,69.06,1.81,2.55
2025-10-15 15:09:07,20251015150907003767,0.0,True,195,0.96,-195.0,1.97,79.54,1.64,2.31
2025-10-15 15:09:09,20251015150909206259,1.9052680928534715,False,0,0.0,0.0,2.47,62.25,2.11,2.83
2025-10-15 15:09:27,20251015150927975446,1.45,True,100,2.5,45.0,1.82,66.67,1.63,2.02
2025-10-15 15:09:43,20251015150943311738,3.4124516891437184,False,0,0.0,0.0,2.23,62.26,1.77,2.7
2025-10-15 15:09:55,20251015150955254880,1.45,True,125,2.5,56.25,2.36,65.42,1.89,2.83
2025-10-15 15:10:12,20251015151012918834,1.45,True,156,2.5,70.19999999999999,2.35,65.23,2.12,2.57
2025-10-15 15:10:16,20251015151016172316,1.9302250198376592,False,0,0.0,0.0,2.11,60.96,1.62,2.6
2025-10-15 15:10:35,20251015151035502628,1.45,True,195,2.5,87.75,1.9,71.74,1.64,2.17
2025-10-15 15:22:06,20251015152206152855,1.45,True,100,2.5,45.0,2.42,68.91,2.2,2.64
2025-10-15 15:22:26,20251015152226399959,1.45,True,125,2.5,56.25,2.03,67.45,1.6,2.47
2025-10-15 15:22:49,20251015152249301717,2.7154444951648693,False,0,0.0,0.0,2.25,49.13,1.81,2.69
2025-10-15 15:22:58,20251015152258331843,0.0,True,156,1.87,-156.0,2.1,75.25,1.68,2.52
2025-10-15 15:23:00,20251015152300253061,3.515313871349081,False,0,0.0,0.0,2.29,62.35,2.01,2.58
2025-10-15 15:23:05,20251015152305989206,2.288159452466218,False,0,0.0,0.0,2.45,58.6,2.1,2.79
2025-10-15 15:23:16,20251015152316579339,1.45,True,100,2.5,45.0,2.32,81.08,1.91,2.72
2025-10-15 15:23:19,20251015152319485217,3.635671544127925,False,0,0.0,0.0,2.22,58.51,1.9,2.53
2025-10-15 15:23:22,20251015152322386782,3.499793865652465,False,0,0.0,0.0,2.29,64.91,1.93,2.66
2025-10-15 15:23:29,20251015152329445327,1.980172327186648,False,0,0.0,0.0,2.28,64.72,1.81,2.75
2025-10-15 15:23:39,20251015152339827645,1.45,True,125,2.5,56.25,2.61,71.63,2.33,2.88
2025-10-15 15:23:45,20251015152345724928,3.1323771828604925,False,0,0.0,0.0,2.12,60.19,1.78,2.46
2025-10-15 15:23:56,20251015152356086652,1.45,True,156,2.5,70.19999999999999,2.28,70.81,2.03,2.54
2025-10-15 15:24:02,20251015152402088129,2.021558800704225,False,0,0.0,0.0,2.41,54.06,2.08,2.74
2025-10-15 15:24:13,20251015152413026157,1.45,True,195,2.5,87.75,2.31,73.11,1.86,2.77
2025-10-15 15:24:29,20251015152429353783,1.45,True,243,2.5,109.34999999999997,2.43,67.92,2.04,2.82
2025-10-15 15:26:07,20251015152607497175,1.45,True,303,2.5,136.34999999999997,2.08,65.5,1.67,2.48
2025-10-15 15:26:28,20251015152628384310,1.45,True,378,2.5,170.10000000000002,2.47,71.97,2.25,2.7
2025-10-15 15:26:53,20251015152653410485,1.1216576865676653,False,0,0.0,0.0,2.42,61.04,2.17,2.67
2025-10-15 15:27:03,20251015152703044563,1.45,True,472,2.5,212.4,2.31,65.06,1.7,2.92
2025-10-15 15:27:25,20251015152725763125,1.45,True,500,2.5,225.0,2.42,67.92,2.0,2.84
2025-10-15 15:27:43,20251015152743885860,1.45,True,500,2.5,225.0,2.34,66.81,2.04,2.64
2025-10-15 15:42:57,20251015154257798324,0.0,True,10,0.97,-10.0,2.14,70.54,1.46,2.82
2025-10-15 15:43:00,20251015154300024253,1.0787252957619575,False,0,0.0,0.0,1.93,60.78,1.44,2.42
2025-10-15 15:43:19,20251015154319100027,1.45,True,10,2.5,4.5,2.22,77.37,1.7,2.73
2025-10-15 15:43:53,20251015154353673239,1.45,True,12,2.5,5.399999999999999,2.28,75.6,2.09,2.47
2025-10-15 15:44:05,20251015154405383729,2.075314775700738,False,0,0.0,0.0,2.39,60.06,1.95,2.83
2025-10-15 15:44:16,20251015154416484685,1.45,True,15,2.5,6.75,2.08,66.13,1.93,2.22
2025-10-15 15:44:28,20251015154428906519,1.45,True,18,2.5,8.099999999999998,1.97,68.49,1.8,2.14
2025-10-15 15:44:50,20251015154450267792,1.45,True,22,2.5,9.9,1.91,70.99,1.67,2.15
2025-10-15 15:44:53,20251015154453510310,3.8543789066555294,False,0,0.0,0.0,2.23,64.95,2.11,2.36
2025-10-15 15:44:56,20251015154456722114,3.303492400036458,False,0,0.0,0.0,2.06,61.13,1.49,2.63
2025-10-15 15:45:28,20251015154528379829,1.97237979565111,False,0,0.0,0.0,2.01,55.34,1.77,2.26
2025-10-15 15:45:41,20251015154541233456,2.1870983461425526,False,0,0.0,0.0,2.44,60.51,2.09,2.78
2025-10-15 15:45:53,20251015154553186045,1.45,True,27,2.5,12.15,1.92,72.32,1.6,2.25
2025-10-15 15:46:15,20251015154615990914,3.4616818831011984,False,0,0.0,0.0,2.5,54.78,2.08,2.92
2025-10-15 15:46:19,20251015154619200576,4.8862260437305824,False,0,0.0,0.0,2.67,60.41,2.44,2.9
2025-10-15 15:46:42,20251015154642430926,1.9601227617005508,False,0,0.0,0.0,2.37,60.2,1.83,2.9
2025-10-15 15:46:52,20251015154652965930,0.0,True,33,3.01,-33.0,2.05,65.88,1.67,2.42
2025-10-15 15:47:05,20251015154705735791,1.45,True,10,2.5,4.5,2.33,73.71,1.99,2.68
2025-10-15 15:47:14,20251015154714781173,1.910587227106777,False,0,0.0,0.0,2.02,61.73,1.64,2.4
2025-10-15 15:47:25,20251015154725735493,1.45,True,12,2.5,5.399999999999999,2.31,66.13,2.16,2.46
2025-10-15 15:47:46,20251015154746771491,1.45,True,15,2.5,6.75,2.34,71.76,1.94,2.74
2025-10-15 15:48:02,20251015154802005779,1.45,True,18,2.5,8.099999999999998,2.2,67.59,1.78,2.63
2025-10-15 15:48:13,20251015154813462932,1.1627046483897616,False,0,0.0,0.0,2.38,60.45,1.93,2.83
2025-10-15 15:48:16,20251015154816498923,2.457446325167444,False,0,0.0,0.0,2.07,60.7,1.71,2.43
2025-10-15 15:48:37,20251015154837305710,3.620076895413736,False,0,0.0,0.0,2.63,63.64,2.34,2.92
2025-10-15 15:48:51,20251015154851671057,0.0,True,22,0.0,-22.0,2.18,73.25,1.68,2.67
2025-10-15 15:49:06,20251015154906623988,1.45,True,10,2.5,4.5,2.53,66.99,2.18,2.88
2025-10-15 15:49:22,20251015154922306151,2.662484453751167,False,0,0.0,0.0,2.21,62.75,1.84,2.57
2025-10-15 15:49:33,20251015154933982446,1.45,True,12,2.5,5.399999999999999,2.45,73.39,2.27,2.63
2025-10-15 15:49:51,20251015154951874395,1.45,True,15,2.5,6.75,2.41,72.47,2.01,2.81
2025-10-15 15:50:25,20251015155025628291,1.45,True,18,2.5,8.099999999999998,2.14,72.56,1.65,2.62
2025-10-15 15:51:00,20251015155100747423,1.45,True,22,2.5,9.9,1.93,80.15,1.39,2.47
2025-10-15 15:51:11,20251015155111259372,3.466292571022886,False,0,0.0,0.0,2.32,53.94,2.18,2.46
2025-10-15 15:51:20,20251015155120029088,0.0,True,27,0.91,-27.0,2.26,73.05,1.8,2.73
2025-10-15 15:51:32,20251015155132163966,1.45,True,10,2.5,4.5,2.17,70.52,1.73,2.61
2025-10-15 15:51:53,20251015155153446138,1.45,True,12,2.5,5.399999999999999,2.42,75.01,2.11,2.73
2025-10-15 16:13:52,20251015161352870250,4.063723868952508,False,0,0.0,0.0,2.12,58.78,1.89,2.36
2025-10-15 16:14:02,20251015161402548854,0.0,True,10,1.32,-10.0,2.32,67.8,1.81,2.83
2025-10-15 16:14:13,20251015161413188182,0.0,True,10,2.5,-10.0,2.04,74.24,1.66,2.42
2025-10-15 16:14:26,20251015161426446855,0.0,True,10,0.0,-10.0,2.54,78.79,2.05,3.04
2025-10-15 16:14:39,20251015161439147886,3.852276504920016,False,0,0.0,0.0,2.51,64.13,2.3,2.71
2025-10-15 16:14:42,20251015161442174593,4.158492708953376,False,0,0.0,0.0,2.43,55.55,2.03,2.83
2025-10-15 16:14:51,20251015161451413104,1.044874702292112,False,0,0.0,0.0,2.19,61.24,1.75,2.63
2025-10-15 16:14:54,20251015161454408814,4.237943580178103,False,0,0.0,0.0,2.11,64.46,1.75,2.48
2025-10-15 16:15:14,20251015161514558522,1.45,True,10,2.5,4.5,2.11,69.49,2.05,2.16
2025-10-15 16:31:39,20251015163139715300,61.3,False,0,0.0,0.0,,0.0,0.0,0.0
2025-10-15 16:31:39,20251015163139716326,73.2,False,0,0.0,0.0,,0.0,0.0,0.0
2025-10-15 16:31:39,20251015163139716326,31.76,False,0,0.0,0.0,,0.0,0.0,0.0
2025-10-15 16:31:39,20251015163139717573,1.09,False,0,0.0,0.0,,0.0,0.0,0.0
2025-10-15 16:31:39,20251015163139717573,1.08,False,0,0.0,0.0,,0.0,0.0,0.0
2025-10-15 16:38:29,20251015163829592284,1.45,True,100,2.5,45.0,2.41,71.84,1.93,2.89
2025-10-15 16:44:04,20251015164404738196,1.07,False,0,0.0,0.0,,0.0,0.0,0.0
2025-10-15 16:44:04,20251015164404739183,74.0,False,0,0.0,0.0,,0.0,0.0,0.0
2025-10-15 16:44:04,20251015164404739183,1.2,False,0,0.0,0.0,,0.0,0.0,0.0
2025-10-15 16:44:04,20251015164404740185,28.54,False,0,0.0,0.0,,0.0,0.0,0.0
2025-10-15 16:44:04,20251015164404740185,4.0,False,0,0.0,0.0,,0.0,0.0,0.0
2025-10-15 18:25:26,20251015182526860351,2.414205479598393,False,0,0.0,0.0,2.34,60.22,1.98,2.69
2025-10-15 18:25:54,20251015182554034744,1.45,True,100,2.5,45.0,2.39,69.75,2.03,2.76
2025-10-15 18:26:11,20251015182611459813,4.129486758133636,False,0,0.0,0.0,2.43,54.28,1.9,2.96
2025-10-15 18:26:14,20251015182614988465,1.8972357795204315,False,0,0.0,0.0,2.47,62.71,2.01,2.93
2025-10-15 18:26:36,20251015182636443716,2.3196989529705423,False,0,0.0,0.0,2.64,46.54,2.36,2.92
2025-10-15 18:26:43,20251015182643681037,0.0,True,125,1.01,-125.0,2.43,66.36,2.25,2.62
2025-10-15 18:26:56,20251015182656078255,1.45,True,100,2.5,45.0,2.16,82.14,1.77,2.55
2025-10-15 18:27:11,20251015182711961761,1.082797818759374,False,0,0.0,0.0,2.7,64.11,2.35,3.04
2025-10-15 18:27:15,20251015182715568756,2.83724817431194,False,0,0.0,0.0,2.24,57.71,1.93,2.54
2025-10-15 18:27:20,20251015182720660509,4.093265523839264,False,0,0.0,0.0,2.35,52.35,2.11,2.58
2025-10-15 18:27:32,20251015182732630792,1.45,True,125,2.5,56.25,2.13,70.38,1.88,2.37
2025-10-15 18:27:46,20251015182746158582,1.5127877818068152,False,0,0.0,0.0,2.37,57.04,2.02,2.73
2025-10-15 18:27:56,20251015182756935533,1.45,True,156,2.5,70.19999999999999,2.41,76.57,1.99,2.83
2025-10-15 18:28:12,20251015182812080676,1.45,True,180,2.5,81.0,1.89,74.01,1.7,2.09
2025-10-15 18:28:25,20251015182825279555,1.45,True,180,2.5,81.0,2.41,68.64,1.87,2.96
2025-10-15 18:28:41,20251015182841078318,4.262346371792392,False,0,0.0,0.0,2.67,58.53,2.35,2.98
2025-10-15 18:52:29,20251015185229308431,1.45,True,180,2.5,81.0,2.4,73.98,2.06,2.74
2025-10-15 18:53:22,20251015185322958664,11.684,False,0,0.0,0.0,,0.0,0.0,0.0
2025-10-15 18:53:22,20251015185322959664,2.626,False,0,0.0,0.0,,0.0,0.0,0.0
2025-10-15 18:53:22,20251015185322961664,1.514,False,0,0.0,0.0,,0.0,0.0,0.0
2025-10-15 18:54:29,20251015185429345186,1.45,True,50,2.5,22.5,2.28,65.59,1.91,2.65
2025-10-15 18:54:49,20251015185449015448,0.0,True,62,0.0,-62.0,1.96,66.55,1.62,2.29
2025-10-15 18:54:54,20251015185454730643,1.684,False,0,0.0,0.0,1.88,57.01,1.64,2.11
2025-10-15 18:55:16,20251015185516187130,0.0,True,50,2.016019344329834,-50.0,2.26,65.49,1.87,2.66
2025-10-15 18:55:35,20251015185535824753,1.45,True,50,2.5,22.5,2.28,69.64,1.86,2.7
2025-10-15 18:55:42,20251015185542019831,0.0,True,62,0.0,-62.0,2.38,71.32,2.06,2.7
2025-10-15 18:56:00,20251015185600690724,1.45,True,50,2.5,22.5,1.99,65.71,1.76,2.21
2025-10-15 18:56:13,20251015185613146668,2.0,False,0,0.0,0.0,2.35,48.87,1.73,2.96
2025-10-15 18:57:09,20251015185709952120,19.731,False,0,0.0,0.0,,0.0,0.0,0.0
2025-10-15 18:57:09,20251015185709953130,1.691,False,0,0.0,0.0,,0.0,0.0,0.0
2025-10-15 18:57:09,20251015185709953130,27.0,False,0,0.0,0.0,,0.0,0.0,0.0
2025-10-15 18:57:25,20251015185725805950,1.462,False,0,0.0,0.0,1.94,64.0,1.64,2.24
2025-10-15 18:57:47,20251015185747096332,0.0,True,50,2.920856237411499,-50.0,2.14,73.21,1.75,2.53
2025-10-15 18:58:06,20251015185806256758,1.45,True,50,2.5,22.5,2.51,80.9,2.29,2.73
2025-10-15 18:58:13,20251015185813259513,9.751971,False,0,0.0,0.0,2.0,59.62,1.93,2.08
2025-10-15 18:59:03,20251015185903866798,1.45,True,62,2.5,27.89999999999999,2.18,69.41,1.75,2.62
2025-10-15 18:59:09,20251015185909209532,7.0,False,0,0.0,0.0,2.34,62.38,1.9,2.78
2025-10-15 18:59:24,20251015185924023990,0.0,True,77,2.121449708938598,-77.0,2.26,69.0,1.73,2.78
2025-10-15 18:59:42,20251015185942650975,1.45,True,50,2.5,22.5,2.74,65.85,2.51,2.97
2025-10-15 18:59:48,20251015185948373556,933.211,False,0,0.0,0.0,2.12,64.16,1.89,2.35
2025-10-15 18:59:56,20251015185956467993,65.0,False,0,0.0,0.0,1.97,63.78,1.43,2.51
2025-10-15 19:00:05,20251015190005873334,2.0,False,0,0.0,0.0,2.27,59.8,1.85,2.69
2025-10-15 19:00:37,20251015190037093775,211.312,False,0,0.0,0.0,2.41,63.87,2.04,2.78
2025-10-15 19:00:48,20251015190048218465,621.211,False,0,0.0,0.0,2.29,53.54,1.85,2.73
2025-10-15 19:01:08,20251015190108998642,1.072,True,62,2.5,-62.0,2.56,72.41,2.17,2.94
2025-10-15 19:01:36,20251015190136967558,1.45,True,50,2.5,22.5,2.59,67.16,2.42,2.76
2025-10-15 19:01:46,20251015190146345747,2.0,False,0,0.0,0.0,2.22,55.05,1.8,2.63
2025-10-15 19:01:55,20251015190155721721,256.9211,False,0,0.0,0.0,2.15,54.46,1.64,2.67
2025-10-15 19:02:26,20251015190226998485,0.0,True,62,1.0669119358062744,-62.0,2.67,71.09,2.38,2.96
2025-10-15 19:02:45,20251015190245537311,1.45,True,50,2.5,22.5,2.34,65.3,1.91,2.77
2025-10-15 19:02:59,20251015190259898286,5.923,False,0,0.0,0.0,2.07,55.71,1.53,2.61
2025-10-15 19:03:41,20251015190341889001,1.45,True,62,2.5,27.89999999999999,2.37,75.58,2.08,2.66
2025-10-15 19:03:50,20251015190350124041,4.251122,False,0,0.0,0.0,2.03,58.57,1.74,2.33
2025-10-15 19:03:58,20251015190358275707,23.0,False,0,0.0,0.0,2.43,61.92,1.97,2.88
2025-10-15 19:04:48,20251015190448776245,251.074,False,0,0.0,0.0,2.07,63.89,1.59,2.55
2025-10-15 19:05:06,20251015190506338995,0.0,True,77,2.94882607460022,-77.0,2.4,72.05,1.92,2.89
2025-10-15 19:05:11,20251015190511641043,94.566,False,0,0.0,0.0,2.63,61.97,2.27,2.98
2025-10-15 23:02:08,20251015230208675535,414.0,False,0,0.0,0.0,,0.0,0.0,0.0
2025-10-15 23:02:08,20251015230208675535,4.0,False,0,0.0,0.0,,0.0,0.0,0.0
2025-10-15 23:02:08,20251015230208676534,4.0,False,0,0.0,0.0,,0.0,0.0,0.0
2025-10-15 23:02:45,20251015230245917474,1.45,True,100,2.5,45.0,2.32,66.52,2.03,2.6
2025-10-15 23:02:57,20251015230257984193,11.1,False,0,0.0,0.0,2.51,59.24,2.28,2.73
2025-10-15 23:03:02,20251015230302215707,11.1,False,0,0.0,0.0,2.62,60.08,2.39,2.85
2025-10-15 23:03:13,20251015230313339896,4.0,False,0,0.0,0.0,2.25,60.22,1.91,2.6
2025-10-15 23:14:59,20251015231459763290,41.18,False,0,0.0,0.0,,0.0,0.0,0.0
2025-10-15 23:14:59,20251015231459764288,14.0,False,0,0.0,0.0,,0.0,0.0,0.0
2025-10-15 23:14:59,20251015231459764288,7.0,False,0,0.0,0.0,,0.0,0.0,0.0
2025-10-15 23:15:16,20251015231516337822,47.0,False,0,0.0,0.0,1.89,62.97,1.7,2.08
2025-10-15 23:15:30,20251015231530110851,35.0,False,0,0.0,0.0,1.95,54.49,1.48,2.42
2025-10-15 23:15:34,20251015231534283964,35.0,False,0,0.0,0.0,1.97,54.81,1.84,2.1
2025-10-15 23:15:42,20251015231542528847,4.0,False,0,0.0,0.0,2.23,64.64,1.81,2.64
2025-10-15 23:15:59,20251015231559152574,7.0,False,0,0.0,0.0,2.37,54.02,1.94,2.81
2025-10-15 23:16:03,20251015231603371374,7.0,False,0,0.0,0.0,2.35,64.21,2.05,2.65
2025-10-15 23:16:11,20251015231611476346,77.0,False,0,0.0,0.0,2.02,59.31,1.73,2.31
2025-10-15 23:16:21,20251015231621265014,18.0,False,0,0.0,0.0,2.65,64.16,2.4,2.9
2025-10-15 23:16:25,20251015231625456649,18.0,False,0,0.0,0.0,2.55,56.05,2.29,2.81
2025-10-15 23:16:55,20251015231655480932,1.45,True,100,2.5,45.0,2.09,68.28,1.71,2.48
2025-10-15 23:35:54,20251015233554433565,2.6,False,0,0.0,0.0,,0.0,0.0,0.0
2025-10-15 23:35:54,20251015233554433565,26.0,False,0,0.0,0.0,,0.0,0.0,0.0
2025-10-15 23:36:43,20251015233643447079,7.0,False,0,0.0,0.0,2.17,61.03,1.73,2.61
2025-10-15 23:37:06,20251015233706941903,1.45,True,100,2.5,45.0,2.32,83.47,1.99,2.66
2025-10-15 23:37:24,20251015233724231289,0.0,True,125,1.6520726680755615,-125.0,2.17,67.81,1.71,2.63
2025-10-15 23:37:41,20251015233741789761,1.45,True,100,2.5,45.0,2.32,68.16,1.92,2.72
2025-10-15 23:37:46,20251015233746072221,2.0,False,0,0.0,0.0,2.59,64.07,2.29,2.89
2025-10-15 23:37:50,20251015233750415214,62.22,False,0,0.0,0.0,2.04,55.09,1.79,2.29
2025-10-15 23:37:54,20251015233754581254,62.22,False,0,0.0,0.0,2.13,62.22,1.7,2.55
2025-10-15 23:38:06,20251015233806859326,0.0,True,125,2.7124276161193848,-125.0,2.23,68.05,1.7,2.75
2025-10-15 23:38:11,20251015233811229017,2.0,False,0,0.0,0.0,2.48,61.61,2.36,2.6
2025-10-15 23:39:18,20251015233918610755,6.0,False,0,0.0,0.0,,0.0,0.0,0.0
2025-10-15 23:39:18,20251015233918611755,7.0,False,0,0.0,0.0,,0.0,0.0,0.0
2025-10-15 23:39:29,20251015233929726090,2.0,False,0,0.0,0.0,2.41,54.44,1.92,2.9
2025-10-15 23:39:44,20251015233944812027,1.45,True,100,2.5,45.0,2.41,68.56,2.03,2.78
2025-10-15 23:40:01,20251015234001055990,1.45,True,125,2.5,56.25,1.9,73.18,1.62,2.17
2025-10-15 23:40:16,20251015234016662894,0.0,True,156,1.1040174961090088,-156.0,1.94,80.14,1.67,2.2
2025-10-15 23:40:28,20251015234028125839,1.0,True,100,2.5,-100.0,2.41,72.6,1.87,2.94
2025-10-15 23:40:51,20251015234051875989,2.0,False,0,0.0,0.0,2.6,54.02,2.15,3.05
2025-10-15 23:41:15,20251015234115070722,1.0,True,100,2.5,-100.0,2.13,67.14,1.95,2.31
2025-10-15 23:41:30,20251015234130684095,1.45,True,100,2.5,45.0,2.09,70.3,1.75,2.43
2025-10-15 23:41:53,20251015234153614368,1.45,True,125,2.5,56.25,2.46,65.36,2.18,2.73
2025-10-15 23:57:53,20251015235753140270,1.89,False,0,0.0,0.0,,0.0,0.0,0.0
2025-10-15 23:57:59,20251015235759071170,0.0,True,100,1.083330154418945,-100.0,2.09,81.73,1.79,2.4
2025-10-15 23:58:02,20251015235802477922,1.05,False,0,0.0,0.0,,0.0,0.0,0.0
2025-10-16 00:02:57,20251016000257127155,343.5,False,0,0.0,0.0,,0.0,0.0,0.0
2025-10-16 00:03:04,20251016000304893908,0.0,True,100,1.8722023963928225,-100.0,1.85,73.2,1.25,2.45
2025-10-16 00:03:08,20251016000308295057,1.15,False,0,0.0,0.0,,0.0,0.0,0.0
2025-10-16 00:03:13,20251016000313551448,0.0,True,100,0.5467722415924072,-100.0,2.23,73.4,1.92,2.54
2025-10-16 00:03:16,20251016000316960311,1.01,False,0,0.0,0.0,,0.0,0.0,0.0
2025-10-16 00:03:18,20251016000318189389,2.0,False,0,0.0,0.0,2.26,57.71,1.75,2.78
2025-10-16 00:03:30,20251016000330191679,1.91,False,0,0.0,0.0,,0.0,0.0,0.0
2025-10-16 00:03:47,20251016000347053701,1.45,True,100,2.5,45.0,2.33,67.96,1.79,2.86
2025-10-16 00:03:50,20251016000350435488,1.79,False,0,0.0,0.0,,0.0,0.0,0.0
2025-10-16 00:04:02,20251016000402489474,1.45,True,125,2.5,56.25,2.04,69.09,1.65,2.43
2025-10-16 00:04:08,20251016000408760527,3.44,False,0,0.0,0.0,,0.0,0.0,0.0
2025-10-16 00:04:09,20251016000409972521,2.0,False,0,0.0,0.0,1.9,63.64,1.34,2.46
2025-10-16 00:04:19,20251016000419176548,1.21,False,0,0.0,0.0,,0.0,0.0,0.0
2025-10-16 00:04:34,20251016000434651551,1.45,True,156,2.5,70.19999999999999,2.43,67.31,2.1,2.77
2025-10-16 00:04:48,20251016000448722122,5.87,False,0,0.0,0.0,,0.0,0.0,0.0
2025-10-16 00:04:49,20251016000449956089,2.0,False,0,0.0,0.0,2.51,59.33,2.14,2.89
2025-10-16 00:05:23,20251016000523590444,9.84,False,0,0.0,0.0,,0.0,0.0,0.0
2025-10-16 00:05:24,20251016000524811459,2.0,False,0,0.0,0.0,2.39,52.81,1.97,2.81
2025-10-16 00:05:34,20251016000534555772,1.24,False,0,0.0,0.0,,0.0,0.0,0.0
2025-10-16 00:05:50,20251016000550996493,1.45,True,195,2.5,87.75,2.38,77.15,2.0,2.75
2025-10-16 00:05:54,20251016000554388290,1.95,False,0,0.0,0.0,,0.0,0.0,0.0
2025-10-16 00:06:07,20251016000607172928,1.45,True,200,2.5,90.0,1.97,66.09,1.61,2.34
2025-10-16 00:06:13,20251016000613458666,1.37,False,0,0.0,0.0,,0.0,0.0,0.0
2025-10-16 00:06:14,20251016000614676413,2.0,False,0,0.0,0.0,2.26,57.07,1.75,2.77
2025-10-16 00:06:30,20251016000630240984,1.45,True,200,2.5,90.0,2.21,67.73,1.8,2.62
2025-10-16 00:06:37,20251016000637383509,1.15,False,0,0.0,0.0,,0.0,0.0,0.0
2025-10-16 00:06:38,20251016000638607571,2.0,False,0,0.0,0.0,2.37,56.86,2.19,2.55
2025-10-16 00:07:14,20251016000714593311,11.69,False,0,0.0,0.0,,0.0,0.0,0.0
2025-10-16 00:07:30,20251016000730182877,1.45,True,200,2.5,90.0,2.28,73.88,1.82,2.74
2025-10-16 00:07:39,20251016000739435743,4.16,False,0,0.0,0.0,,0.0,0.0,0.0
2025-10-16 00:07:40,20251016000740645369,2.0,False,0,0.0,0.0,1.93,60.93,1.54,2.33
2025-10-16 00:42:40,20251016004240697305,12.99,False,0,0.0,0.0,,0.0,0.0,0.0
2025-10-16 00:42:54,20251016004254661416,2.25,False,0,0.0,0.0,,0.0,0.0,0.0
2025-10-16 00:43:06,20251016004306811525,0.0,True,100,0.0,-100.0,2.06,65.57,1.77,2.35
2025-10-16 00:43:08,20251016004308184430,1.11,False,0,0.0,0.0,,0.0,0.0,0.0
2025-10-16 00:43:17,20251016004317177636,1.51,False,0,0.0,0.0,,0.0,0.0,0.0
2025-10-16 00:43:21,20251016004321144156,2.0,False,0,0.0,0.0,2.36,63.67,1.87,2.84
2025-10-16 00:43:38,20251016004338877096,2.0,False,0,0.0,0.0,2.36,60.27,1.86,2.86
2025-10-16 00:43:53,20251016004353393762,2.0,False,0,0.0,0.0,1.95,53.32,1.88,2.02
2025-10-16 00:44:08,20251016004408044848,0.0,True,100,0.0,-100.0,2.39,74.29,1.96,2.82
2025-10-16 00:44:09,20251016004409495843,1.45,False,0,0.0,0.0,,0.0,0.0,0.0
2025-10-16 00:44:21,20251016004421936052,0.0,True,100,0.0,-100.0,2.35,66.45,1.87,2.84
2025-10-16 00:44:23,20251016004423393915,2.13,False,0,0.0,0.0,,0.0,0.0,0.0
2025-10-16 00:44:24,20251016004424138124,2.0,False,0,0.0,0.0,2.56,59.8,2.23,2.89
2025-10-16 00:44:38,20251016004438949006,0.0,True,100,0.0,-100.0,2.44,69.07,2.11,2.77
2025-10-16 00:45:24,20251016004524904803,0.0,True,100,0.0,-100.0,2.38,66.09,1.94,2.83
2025-10-16 00:45:26,20251016004526290136,1.11,False,0,0.0,0.0,,0.0,0.0,0.0
2025-10-16 00:45:38,20251016004538781367,0.0,True,100,0.0,-100.0,2.31,78.51,1.98,2.65
2025-10-16 00:47:19,20251016004719490209,2.27,False,0,0.0,0.0,,0.0,0.0,0.0
2025-10-16 00:47:31,20251016004731647330,0.0,True,100,0.0,-100.0,2.24,71.38,1.97,2.51
2025-10-16 00:47:41,20251016004741571403,2.0,False,0,0.0,0.0,2.0,60.41,1.8,2.21
2025-10-16 00:47:59,20251016004759217889,2.57,False,0,0.0,0.0,,0.0,0.0,0.0
2025-10-16 00:48:03,20251016004803239971,2.0,False,0,0.0,0.0,2.46,55.26,2.05,2.88
2025-10-16 00:48:11,20251016004811219777,1.43,False,0,0.0,0.0,,0.0,0.0,0.0
2025-10-16 00:48:23,20251016004823589932,0.0,True,100,0.0,-100.0,2.69,65.19,2.52,2.87
2025-10-16 00:48:24,20251016004824984963,1.29,False,0,0.0,0.0,,0.0,0.0,0.0
2025-10-16 00:48:37,20251016004837463789,0.0,True,100,0.0,-100.0,2.45,67.03,1.99,2.91
2025-10-16 00:48:41,20251016004841667562,2.49,False,0,0.0,0.0,,0.0,0.0,0.0
2025-10-16 00:48:42,20251016004842391851,2.0,False,0,0.0,0.0,2.49,62.27,1.98,3.01
2025-10-16 00:48:56,20251016004856913810,0.0,True,100,0.0,-100.0,2.11,75.08,1.72,2.51
2025-10-16 00:48:59,20251016004859033618,2.19,False,0,0.0,0.0,,0.0,0.0,0.0
2025-10-16 00:49:11,20251016004911551291,0.0,True,100,0.0,-100.0,2.12,66.66,1.82,2.43
2025-10-16 00:49:13,20251016004913001421,1.15,False,0,0.0,0.0,,0.0,0.0,0.0
2025-10-16 00:49:25,20251016004925398859,0.0,True,100,0.0,-100.0,2.36,65.58,2.23,2.49
2025-10-16 00:49:33,20251016004933634923,1.37,False,0,0.0,0.0,,0.0,0.0,0.0
2025-10-16 00:49:45,20251016004945851615,0.0,True,100,0.0,-100.0,2.4,66.07,2.03,2.77
2025-10-16 00:50:00,20251016005000685304,0.0,True,100,0.0,-100.0,1.98,75.5,1.72,2.24
2025-10-16 00:50:13,20251016005013132144,3.79,False,0,0.0,0.0,,0.0,0.0,0.0
2025-10-16 00:50:13,20251016005013877918,2.0,False,0,0.0,0.0,2.5,52.8,2.26,2.73
2025-10-16 00:50:28,20251016005028440780,0.0,True,100,0.0,-100.0,1.96,77.3,1.48,2.44
2025-10-16 00:50:31,20251016005031266398,2.32,False,0,0.0,0.0,,0.0,0.0,0.0
2025-10-16 00:50:31,20251016005031973408,2.0,False,0,0.0,0.0,2.49,57.02,2.09,2.9
2025-10-16 00:50:47,20251016005047465178,1.99,False,0,0.0,0.0,,0.0,0.0,0.0
2025-10-16 00:50:51,20251016005051432207,2.0,False,0,0.0,0.0,1.9,57.98,1.61,2.18
2025-10-16 00:51:01,20251016005101931375,1.66,False,0,0.0,0.0,,0.0,0.0,0.0
2025-10-16 00:51:02,20251016005102629991,2.0,False,0,0.0,0.0,2.06,56.12,1.64,2.48
2025-10-16 00:51:17,20251016005117600365,1.91,False,0,0.0,0.0,,0.0,0.0,0.0
2025-10-16 00:51:21,20251016005121598451,2.0,False,0,0.0,0.0,2.35,62.1,1.82,2.87
2025-10-16 01:24:03,20251016012403350530,1.32,False,0,0.0,0.0,,0.0,0.0,0.0
2025-10-16 01:27:37,20251016012737752810,13.58,False,0,0.0,0.0,,0.0,0.0,0.0
2025-10-16 01:34:52,20251016013452212061,2.79,False,0,0.0,0.0,,0.0,0.0,0.0
2025-10-16 01:34:53,20251016013453145188,2.0,False,0,0.0,0.0,0.0,0.0,0.0,0.0
2025-10-16 01:35:28,20251016013528004097,2.0,False,0,0.0,0.0,0.0,0.0,0.0,0.0
2025-10-16 01:35:38,20251016013538316577,2.0,False,0,0.0,0.0,0.0,0.0,0.0,0.0
2025-10-16 01:35:52,20251016013552346853,2.0,False,0,0.0,0.0,0.0,0.0,0.0,0.0
2025-10-16 01:36:04,20251016013604179411,2.39,False,0,0.0,0.0,,0.0,0.0,0.0
2025-10-16 01:36:04,20251016013604956608,2.0,False,0,0.0,0.0,0.0,0.0,0.0,0.0
2025-10-16 01:40:59,20251016014059037545,2.12,False,0,0.0,0.0,,0.0,0.0,0.0
2025-10-16 01:40:59,20251016014059816176,2.0,False,0,0.0,0.0,0.0,0.0,0.0,0.0
2025-10-16 01:41:04,20251016014104217664,2.0,False,0,0.0,0.0,0.0,0.0,0.0,0.0
2025-10-16 01:41:25,20251016014125052074,4.21,False,0,0.0,0.0,,0.0,0.0,0.0
2025-10-16 01:41:25,20251016014125926653,2.0,False,0,0.0,0.0,0.0,0.0,0.0,0.0
2025-10-16 01:41:35,20251016014135211310,1.2,False,0,0.0,0.0,,0.0,0.0,0.0
2025-10-16 01:41:39,20251016014139608852,2.0,False,0,0.0,0.0,0.0,0.0,0.0,0.0
2025-10-16 01:41:51,20251016014151443483,1.93,False,0,0.0,0.0,,0.0,0.0,0.0
2025-10-16 01:41:52,20251016014152336376,2.0,False,0,0.0,0.0,0.0,0.0,0.0,0.0
2025-10-16 01:42:09,20251016014209076591,2.2,False,0,0.0,0.0,,0.0,0.0,0.0
2025-10-16 01:42:13,20251016014213449555,2.0,False,0,0.0,0.0,0.0,0.0,0.0,0.0
2025-10-16 01:42:19,20251016014219462410,2.0,False,0,0.0,0.0,0.0,0.0,0.0,0.0
2025-10-16 01:42:37,20251016014237890233,2.0,False,0,0.0,0.0,0.0,0.0,0.0,0.0
2025-10-16 01:42:42,20251016014242284650,2.0,False,0,0.0,0.0,0.0,0.0,0.0,0.0
2025-10-16 01:42:49,20251016014249072152,2.0,False,0,0.0,0.0,0.0,0.0,0.0,0.0
2025-10-16 01:43:11,20251016014311031900,3.67,False,0,0.0,0.0,,0.0,0.0,0.0
2025-10-16 01:43:11,20251016014311914392,2.0,False,0,0.0,0.0,0.0,0.0,0.0,0.0
2025-10-16 01:43:38,20251016014338283571,5.06,False,0,0.0,0.0,,0.0,0.0,0.0
2025-10-16 01:43:42,20251016014342684263,2.0,False,0,0.0,0.0,0.0,0.0,0.0,0.0
2025-10-16 01:43:47,20251016014347220743,1.09,False,0,0.0,0.0,,0.0,0.0,0.0
2025-10-16 01:43:48,20251016014348132192,2.0,False,0,0.0,0.0,0.0,0.0,0.0,0.0
2025-10-16 01:43:55,20251016014355881173,2.0,False,0,0.0,0.0,0.0,0.0,0.0,0.0
2025-10-16 01:44:00,20251016014400249889,2.0,False,0,0.0,0.0,0.0,0.0,0.0,0.0
2025-10-16 01:44:05,20251016014405586810,1.17,False,0,0.0,0.0,,0.0,0.0,0.0
2025-10-16 01:44:06,20251016014406467345,2.0,False,0,0.0,0.0,0.0,0.0,0.0,0.0
2025-10-16 01:44:40,20251016014440847015,2.0,False,0,0.0,0.0,0.0,0.0,0.0,0.0
2025-10-16 01:44:52,20251016014452060792,2.0,False,0,0.0,0.0,0.0,0.0,0.0,0.0
2025-10-16 01:44:59,20251016014459919735,2.0,False,0,0.0,0.0,0.0,0.0,0.0,0.0
2025-10-16 01:45:04,20251016014504270349,2.0,False,0,0.0,0.0,0.0,0.0,0.0,0.0
2025-10-16 01:45:18,20251016014518863140,2.0,False,0,0.0,0.0,0.0,0.0,0.0,0.0
2025-10-16 01:45:53,20251016014553049682,2.0,False,0,0.0,0.0,0.0,0.0,0.0,0.0
2025-10-16 01:46:16,20251016014616884657,76.24,False,0,0.0,0.0,,0.0,0.0,0.0
2025-10-16 01:46:17,20251016014617625646,2.0,False,0,0.0,0.0,0.0,0.0,0.0,0.0
2025-10-16 01:46:28,20251016014628809710,1.36,False,0,0.0,0.0,,0.0,0.0,0.0
2025-10-16 01:46:33,20251016014633263482,2.0,False,0,0.0,0.0,0.0,0.0,0.0,0.0
2025-10-16 01:46:48,20251016014648392147,2.71,False,0,0.0,0.0,,0.0,0.0,0.0
2025-10-16 01:46:49,20251016014649242658,2.0,False,0,0.0,0.0,0.0,0.0,0.0,0.0
2025-10-16 01:46:57,20251016014657046269,2.0,False,0,0.0,0.0,0.0,0.0,0.0,0.0
2025-10-16 01:47:01,20251016014701397261,2.0,False,0,0.0,0.0,0.0,0.0,0.0,0.0
2025-10-16 01:47:13,20251016014713386435,2.0,False,0,0.0,0.0,0.0,0.0,0.0,0.0
2025-10-16 01:54:43,20251016015443113692,2.0,False,0,0.0,0.0,0.0,0.0,0.0,0.0
2025-10-16 01:54:47,20251016015447448026,2.0,False,0,0.0,0.0,0.0,0.0,0.0,0.0
2025-10-16 01:55:07,20251016015507551261,4.05,False,0,0.0,0.0,,0.0,0.0,0.0
2025-10-16 01:55:08,20251016015508400329,2.0,False,0,0.0,0.0,0.0,0.0,0.0,0.0
2025-10-16 01:55:36,20251016015536333828,5.42,False,0,0.0,0.0,,0.0,0.0,0.0
2025-10-16 01:55:40,20251016015540466214,2.0,False,0,0.0,0.0,0.0,0.0,0.0,0.0
2025-10-16 02:01:05,20251016020105997759,34.38,False,0,0.0,0.0,,0.0,0.0,0.0
2025-10-16 02:02:31,20251016020231910106,1.63,False,0,0.0,0.0,,0.0,0.0,0.0
2025-10-16 02:02:44,20251016020244109250,0.0,True,50,0.0,-50.0,2.19,74.91,1.76,2.62
2025-10-16 02:02:47,20251016020247377317,2.05,False,0,0.0,0.0,,0.0,0.0,0.0
2025-10-16 02:02:59,20251016020259869384,0.0,True,50,0.0,-50.0,2.43,65.01,2.08,2.78
2025-10-16 02:03:01,20251016020301474474,1.18,False,0,0.0,0.0,,0.0,0.0,0.0
2025-10-16 02:03:14,20251016020314023169,0.0,True,50,0.0,-50.0,2.19,72.89,1.73,2.64
2025-10-16 02:03:33,20251016020333866559,0.0,True,50,0.0,-50.0,2.22,68.41,1.69,2.75
2025-10-16 02:03:50,20251016020350800596,2.0,False,0,0.0,0.0,2.27,63.12,1.71,2.84
2025-10-16 02:20:37,20251016022037264091,1.21,False,0,0.0,0.0,,0.0,0.0,0.0
2025-10-16 02:25:40,20251016022540093592,3.75,False,0,0.0,0.0,,0.0,0.0,0.0
2025-10-16 02:25:52,20251016022552389422,0.0,True,100,0.0,-100.0,2.5,78.18,2.26,2.74
2025-10-16 02:26:05,20251016022605116987,3.56,False,0,0.0,0.0,,0.0,0.0,0.0
2025-10-16 02:26:18,20251016022618911458,1.82,False,0,0.0,0.0,,0.0,0.0,0.0
2025-10-16 02:26:23,20251016022623227197,2.0,False,0,0.0,0.0,1.86,52.87,1.72,2.0
2025-10-16 02:30:52,20251016023052939482,15.79,False,0,0.0,0.0,,0.0,0.0,0.0
2025-10-16 02:31:05,20251016023105350322,0.0,True,100,0.0,-100.0,2.19,74.63,1.77,2.61
2025-10-16 02:31:12,20251016023112015744,2.41,False,0,0.0,0.0,,0.0,0.0,0.0
2025-10-16 02:40:35,20251016024035162342,2.42,False,0,0.0,0.0,,0.0,0.0,0.0
2025-10-16 02:40:47,20251016024047690755,0.0,True,100,0.0,-100.0,2.32,65.65,2.15,2.5
2025-10-16 02:40:49,20251016024049242579,1.26,False,0,0.0,0.0,,0.0,0.0,0.0
2025-10-16 02:41:01,20251016024101791667,0.0,True,100,0.0,-100.0,1.82,72.42,1.63,2.01
2025-10-16 02:41:03,20251016024103355803,1.52,False,0,0.0,0.0,,0.0,0.0,0.0
2025-10-16 02:41:15,20251016024115838252,0.0,True,100,0.0,-100.0,2.43,67.27,2.09,2.77
2025-10-16 02:41:17,20251016024117372709,1.95,False,0,0.0,0.0,,0.0,0.0,0.0
2025-10-16 02:41:29,20251016024129858943,0.0,True,100,0.0,-100.0,2.4,82.28,1.92,2.88
2025-10-16 02:41:39,20251016024139437783,1.86,False,0,0.0,0.0,,0.0,0.0,0.0
2025-10-16 02:41:40,20251016024140220968,2.0,False,0,0.0,0.0,2.2,60.65,1.63,2.77
2025-10-16 02:41:59,20251016024159274758,2.64,False,0,0.0,0.0,,0.0,0.0,0.0
2025-10-16 02:42:03,20251016024203572291,2.0,False,0,0.0,0.0,2.41,55.08,1.88,2.94
2025-10-16 02:42:26,20251016024226440163,5.02,False,0,0.0,0.0,,0.0,0.0,0.0
2025-10-16 02:42:39,20251016024239032897,0.0,True,100,0.0,-100.0,2.42,75.14,1.9,2.93
2025-10-16 02:42:40,20251016024240580474,1.41,False,0,0.0,0.0,,0.0,0.0,0.0
2025-10-16 02:42:52,20251016024252870239,0.0,True,100,0.0,-100.0,2.13,66.79,1.75,2.51
2025-10-16 02:49:54,20251016024954143837,4.96,False,0,0.0,0.0,,0.0,0.0,0.0
2025-10-16 02:49:54,20251016024954968630,2.0,False,0,0.0,0.0,2.08,58.85,1.88,2.29
2025-10-16 02:50:05,20251016025005261398,1.27,False,0,0.0,0.0,,0.0,0.0,0.0
2025-10-16 02:50:06,20251016025006103088,2.0,False,0,0.0,0.0,2.24,51.9,1.91,2.57
2025-10-16 02:50:14,20251016025014378178,1.05,False,0,0.0,0.0,,0.0,0.0,0.0
2025-10-16 02:50:40,20251016025040208669,4.58,False,0,0.0,0.0,,0.0,0.0,0.0
2025-10-16 02:50:52,20251016025052091847,1.42,False,0,0.0,0.0,,0.0,0.0,0.0
2025-10-16 02:51:01,20251016025101908783,2.0,False,0,0.0,0.0,2.52,64.11,2.29,2.75
2025-10-16 02:51:12,20251016025112228519,1.38,False,0,0.0,0.0,,0.0,0.0,0.0
2025-10-16 02:51:13,20251016025113085358,2.0,False,0,0.0,0.0,2.33,59.77,1.82,2.83
2025-10-16 02:56:10,20251016025610327701,35.39,False,0,0.0,0.0,,0.0,0.0,0.0
2025-10-16 02:56:30,20251016025630086209,2.68,False,0,0.0,0.0,,0.0,0.0,0.0
2025-10-16 02:56:30,20251016025630937775,2.0,False,0,0.0,0.0,2.27,53.56,1.87,2.67
2025-10-16 02:56:41,20251016025641000907,1.22,False,0,0.0,0.0,,0.0,0.0,0.0
2025-10-16 02:57:15,20251016025715571274,2.0,False,0,0.0,0.0,1.74,54.7,1.56,1.92
2025-10-16 02:57:18,20251016025718128824,11.0,False,0,0.0,0.0,,0.0,0.0,0.0
2025-10-16 02:57:19,20251016025719017464,2.0,False,0,0.0,0.0,2.41,64.58,1.95,2.86
2025-10-16 02:57:26,20251016025726247564,1.05,False,0,0.0,0.0,,0.0,0.0,0.0
2025-10-16 02:57:27,20251016025727084284,2.0,False,0,0.0,0.0,2.11,54.82,1.8,2.41
2025-10-16 02:57:46,20251016025746483331,2.65,False,0,0.0,0.0,,0.0,0.0,0.0
2025-10-16 02:57:59,20251016025759692315,1.54,False,0,0.0,0.0,,0.0,0.0,0.0
2025-10-16 02:58:04,20251016025804117646,2.0,False,0,0.0,0.0,2.55,50.16,2.16,2.95
2025-10-16 02:58:17,20251016025817592037,2.28,False,0,0.0,0.0,,0.0,0.0,0.0
2025-10-16 02:58:25,20251016025825656577,2.0,False,0,0.0,0.0,2.56,57.92,2.17,2.95
2025-10-16 02:58:30,20251016025830047383,2.0,False,0,0.0,0.0,2.29,63.83,1.85,2.73
2025-10-16 02:58:52,20251016025852455390,1.73,False,0,0.0,0.0,,0.0,0.0,0.0
2025-10-16 02:59:04,20251016025904933515,1.45,False,0,0.0,0.0,,0.0,0.0,0.0
2025-10-16 02:59:18,20251016025918103714,1.49,False,0,0.0,0.0,,0.0,0.0,0.0
2025-10-16 02:59:41,20251016025941870083,3.6,False,0,0.0,0.0,,0.0,0.0,0.0
2025-10-16 03:14:29,20251016031429734223,339.51,False,0,0.0,0.0,,0.0,0.0,0.0
2025-10-16 03:14:32,20251016031432069975,0.0,True,100,0.0,-100.0,2.63,65.95,2.35,2.9
2025-10-16 03:14:42,20251016031442948502,1.45,False,0,0.0,0.0,,0.0,0.0,0.0
2025-10-16 03:14:47,20251016031447370875,2.0,False,0,0.0,0.0,1.97,55.77,1.59,2.35
2025-10-16 03:14:54,20251016031454942900,1.46,False,0,0.0,0.0,,0.0,0.0,0.0
2025-10-16 03:14:55,20251016031455827556,2.0,False,0,0.0,0.0,2.62,57.98,2.19,3.06
2025-10-16 03:15:00,20251016031500718396,0.0,True,100,0.0,-100.0,2.1,72.94,1.71,2.5
2025-10-16 03:15:07,20251016031507854746,0.0,True,100,0.0,-100.0,2.39,69.22,2.0,2.78
2025-10-16 03:15:17,20251016031517776433,1.44,False,0,0.0,0.0,,0.0,0.0,0.0
2025-10-16 03:15:22,20251016031522665240,0.0,True,100,0.0,-100.0,2.3,68.33,1.89,2.71
2025-10-16 03:15:28,20251016031528238239,0.0,True,100,0.0,-100.0,2.0,74.74,1.7,2.31
2025-10-16 03:15:32,20251016031532156488,0.0,True,100,0.0,-100.0,2.23,77.45,1.71,2.76
2025-10-16 03:15:34,20251016031534578822,1.02,False,0,0.0,0.0,,0.0,0.0,0.0
2025-10-16 03:15:35,20251016031535420399,2.0,False,0,0.0,0.0,2.31,59.1,1.74,2.88
2025-10-16 03:15:51,20251016031551247836,2.01,False,0,0.0,0.0,,0.0,0.0,0.0
2025-10-16 03:15:55,20251016031555567076,2.0,False,0,0.0,0.0,2.55,64.53,2.27,2.83
2025-10-16 03:16:25,20251016031625884118,9.85,False,0,0.0,0.0,,0.0,0.0,0.0
2025-10-16 03:16:26,20251016031626740452,2.0,False,0,0.0,0.0,2.24,63.54,1.85,2.63
2025-10-16 03:16:31,20251016031631697044,0.0,True,100,0.0,-100.0,2.22,72.48,2.06,2.37
2025-10-16 03:16:56,20251016031656552905,6.12,False,0,0.0,0.0,,0.0,0.0,0.0
2025-10-16 03:16:57,20251016031657413389,2.0,False,0,0.0,0.0,2.21,62.98,1.74,2.69
2025-10-16 03:17:02,20251016031702288215,0.0,True,100,0.0,-100.0,2.45,71.22,2.22,2.68
2025-10-16 03:17:08,20251016031708801090,1.51,False,0,0.0,0.0,,0.0,0.0,0.0
2025-10-16 03:17:11,20251016031711280209,0.0,True,100,0.0,-100.0,2.4,66.42,2.03,2.77
2025-10-16 03:17:20,20251016031720196003,2.0,False,0,0.0,0.0,2.29,62.66,1.74,2.84
2025-10-16 03:17:25,20251016031725195969,0.0,True,100,0.0,-100.0,2.21,68.09,1.79,2.64
2025-10-16 03:17:34,20251016031734988781,1.67,False,0,0.0,0.0,,0.0,0.0,0.0
2025-10-16 03:17:35,20251016031735848964,2.0,False,0,0.0,0.0,2.58,60.23,2.51,2.64
2025-10-16 03:17:44,20251016031744101568,2.0,False,0,0.0,0.0,2.3,63.14,1.92,2.68
2025-10-16 03:17:48,20251016031748907755,0.0,True,100,0.0,-100.0,2.03,80.72,1.61,2.44
2025-10-16 03:18:25,20251016031825896678,16.67,False,0,0.0,0.0,,0.0,0.0,0.0
2025-10-16 03:18:28,20251016031828283533,0.0,True,100,0.0,-100.0,2.7,66.9,2.47,2.94
2025-10-16 03:18:32,20251016031832197470,0.0,True,100,0.0,-100.0,1.72,69.97,1.53,1.91
2025-10-16 03:18:37,20251016031837779901,1.37,False,0,0.0,0.0,,0.0,0.0,0.0
2025-10-16 03:18:38,20251016031838698440,2.0,False,0,0.0,0.0,2.41,60.61,1.95,2.87
2025-10-16 03:19:06,20251016031906971071,5.9,False,0,0.0,0.0,,0.0,0.0,0.0
2025-10-16 03:19:11,20251016031911336504,2.0,False,0,0.0,0.0,2.45,59.15,2.18,2.73
2025-10-16 03:19:23,20251016031923874974,2.14,False,0,0.0,0.0,,0.0,0.0,0.0
2025-10-16 03:19:24,20251016031924741337,2.0,False,0,0.0,0.0,2.34,62.27,1.91,2.78
2025-10-16 03:19:29,20251016031929620074,0.0,True,100,0.0,-100.0,2.5,75.51,2.05,2.95
2025-10-16 03:19:49,20251016031949836536,4.34,False,0,0.0,0.0,,0.0,0.0,0.0
2025-10-16 03:19:52,20251016031952244669,0.0,True,100,0.0,-100.0,2.34,72.72,1.89,2.78
2025-10-16 03:20:10,20251016032010689810,2.8,False,0,0.0,0.0,,0.0,0.0,0.0
2025-10-16 03:20:19,20251016032019017200,1.04,False,0,0.0,0.0,,0.0,0.0,0.0
2025-10-16 03:20:23,20251016032023340914,2.0,False,0,0.0,0.0,2.4,62.84,1.93,2.87
2025-10-16 07:15:31,20251016071531021517,45.34,False,0,0.0,0.0,,0.0,0.0,0.0
2025-10-16 07:15:33,20251016071533432294,0.0,True,100,0.0,-100.0,2.17,67.62,1.87,2.48
2025-10-16 07:16:00,20251016071600766220,5.77,False,0,0.0,0.0,,0.0,0.0,0.0
2025-10-16 07:16:35,20251016071635248149,2.0,False,0,0.0,0.0,2.44,51.44,1.9,2.98
2025-10-16 07:16:48,20251016071648774040,1.37,False,0,0.0,0.0,,0.0,0.0,0.0
2025-10-16 07:16:49,20251016071649700157,2.0,False,0,0.0,0.0,2.57,60.23,2.27,2.88
2025-10-16 07:17:02,20251016071702207267,2.0,False,0,0.0,0.0,1.83,58.71,1.77,1.9
2025-10-16 07:17:06,20251016071706625174,2.0,False,0,0.0,0.0,2.09,54.64,1.78,2.4
2025-10-16 07:17:23,20251016071723653541,0.0,True,100,0.0,-100.0,2.1,74.32,1.88,2.31
2025-10-16 07:17:27,20251016071727794181,0.0,True,100,0.0,-100.0,2.4,66.84,1.9,2.91
2025-10-16 07:25:46,20251016072546592868,5.28,False,0,0.0,0.0,,0.0,0.0,0.0
2025-10-16 07:25:48,20251016072548789949,0.0,True,100,0.0,-100.0,2.26,69.11,2.02,2.49
2025-10-16 07:26:02,20251016072602038968,1.89,False,0,0.0,0.0,,0.0,0.0,0.0
2025-10-16 07:26:06,20251016072606024539,2.0,False,0,0.0,0.0,2.5,63.27,2.08,2.92
2025-10-16 07:26:24,20251016072624242220,3.11,False,0,0.0,0.0,,0.0,0.0,0.0
2025-10-16 07:26:26,20251016072626459147,0.0,True,100,0.0,-100.0,2.57,76.94,2.28,2.87
2025-10-16 07:26:30,20251016072630022629,0.0,True,100,0.0,-100.0,1.91,74.32,1.67,2.16
2025-10-16 07:26:38,20251016072638872101,1.74,False,0,0.0,0.0,,0.0,0.0,0.0
2025-10-16 07:26:39,20251016072639586684,2.0,False,0,0.0,0.0,2.23,60.87,1.74,2.72
2025-10-16 07:26:44,20251016072644151666,0.0,True,100,0.0,-100.0,2.58,69.45,2.32,2.84
2025-10-16 07:26:49,20251016072649058287,0.0,True,100,0.0,-100.0,2.5,73.9,2.21,2.79
2025-10-16 07:27:22,20251016072722202876,2.0,False,0,0.0,0.0,2.12,64.85,1.78,2.47
2025-10-16 07:48:07,20251016074807755297,31.93,False,0,0.0,0.0,,0.0,0.0,0.0
2025-10-16 07:48:08,20251016074808471183,2.0,False,0,0.0,0.0,2.03,63.37,1.59,2.47
2025-10-16 07:48:12,20251016074812440717,2.0,False,0,0.0,0.0,2.29,48.49,1.96,2.63
2025-10-16 07:48:18,20251016074818852949,1.3,False,0,0.0,0.0,,0.0,0.0,0.0
2025-10-16 07:48:19,20251016074819545979,2.0,False,0,0.0,0.0,2.14,63.34,1.76,2.52
2025-10-16 07:48:24,20251016074824109904,0.0,True,100,0.0,-100.0,2.51,74.38,2.28,2.74
2025-10-16 07:48:27,20251016074827505624,1.07,False,0,0.0,0.0,,0.0,0.0,0.0
2025-10-16 07:48:29,20251016074829684428,0.0,True,100,0.0,-100.0,1.95,72.76,1.71,2.2
2025-10-16 07:48:33,20251016074833214547,0.0,True,100,0.0,-100.0,2.04,69.16,1.45,2.62
2025-10-16 07:54:44,20251016075444063170,2.07,False,0,0.0,0.0,,0.0,0.0,0.0
2025-10-16 07:55:00,20251016075500881968,0.0,True,100,0.0,-100.0,2.03,67.11,1.73,2.32
2025-10-16 07:55:10,20251016075510249319,1.52,False,0,0.0,0.0,,0.0,0.0,0.0
2025-10-16 07:55:10,20251016075510930127,2.0,False,0,0.0,0.0,2.23,53.08,2.19,2.27
2025-10-16 07:55:30,20251016075530230778,0.0,True,100,0.0,-100.0,2.21,67.4,1.71,2.7
2025-10-16 07:55:33,20251016075533640679,1.24,False,0,0.0,0.0,,0.0,0.0,0.0
2025-10-16 07:55:50,20251016075550581678,0.0,True,100,0.0,-100.0,2.25,75.83,2.1,2.41
2025-10-16 07:56:02,20251016075602660870,5.57,False,0,0.0,0.0,,0.0,0.0,0.0
2025-10-16 07:56:03,20251016075603326369,2.0,False,0,0.0,0.0,2.25,58.71,1.85,2.66
2025-10-16 07:56:22,20251016075622740073,0.0,True,100,0.0,-100.0,2.41,66.99,1.88,2.94
2025-10-16 07:56:24,20251016075624107746,1.13,False,0,0.0,0.0,,0.0,0.0,0.0
2025-10-16 07:56:24,20251016075624797433,2.0,False,0,0.0,0.0,2.32,63.64,1.9,2.74
2025-10-16 07:58:08,20251016075808204620,28.7,False,0,0.0,0.0,,0.0,0.0,0.0
2025-10-16 07:58:08,20251016075808889159,2.0,False,0,0.0,0.0,2.4,59.87,2.07,2.74
2025-10-16 07:58:12,20251016075812875356,2.0,False,0,0.0,0.0,2.46,60.8,2.15,2.78
2025-10-16 07:58:24,20251016075824524841,2.03,False,0,0.0,0.0,,0.0,0.0,0.0
2025-10-16 07:58:41,20251016075841467893,0.0,True,100,0.0,-100.0,2.1,71.77,1.68,2.51
2025-10-16 08:00:12,20251016080012434556,36.39,False,0,0.0,0.0,,0.0,0.0,0.0
2025-10-16 08:00:13,20251016080013120990,2.0,False,0,0.0,0.0,2.27,53.29,1.79,2.75
2025-10-16 08:00:19,20251016080019428786,0.0,True,100,0.0,-100.0,2.29,67.01,1.72,2.85
2025-10-16 08:00:26,20251016080026744229,1.61,False,0,0.0,0.0,,0.0,0.0,0.0
2025-10-16 08:00:27,20251016080027417237,2.0,False,0,0.0,0.0,1.92,51.47,1.53,2.31
2025-10-16 08:00:31,20251016080031367664,2.0,False,0,0.0,0.0,2.33,57.43,1.95,2.72
2025-10-16 08:00:35,20251016080035067238,1.06,False,0,0.0,0.0,,0.0,0.0,0.0
2025-10-16 08:00:35,20251016080035753647,2.0,False,0,0.0,0.0,1.89,63.4,1.64,2.14
2025-10-16 08:00:39,20251016080039686289,2.0,False,0,0.0,0.0,2.36,61.23,2.05,2.68
2025-10-16 08:00:58,20251016080058654848,3.6,False,0,0.0,0.0,,0.0,0.0,0.0
2025-10-16 08:00:59,20251016080059337478,2.0,False,0,0.0,0.0,2.06,55.56,1.49,2.64
2025-10-16 08:01:03,20251016080103322435,2.0,False,0,0.0,0.0,2.25,57.6,1.76,2.74
2025-10-16 08:01:13,20251016080113773196,1.79,False,0,0.0,0.0,,0.0,0.0,0.0
2025-10-16 08:01:14,20251016080114455239,2.0,False,0,0.0,0.0,2.28,58.69,2.01,2.54
2025-10-16 08:01:20,20251016080120803878,0.0,True,100,0.0,-100.0,2.07,66.91,1.67,2.48
2025-10-16 08:01:32,20251016080132117625,2.35,False,0,0.0,0.0,,0.0,0.0,0.0
2025-10-16 08:01:36,20251016080136093158,0.0,True,100,0.0,-100.0,2.43,66.45,2.13,2.72
2025-10-16 08:01:43,20251016080143363990,1.3,False,0,0.0,0.0,,0.0,0.0,0.0
2025-10-16 08:01:44,20251016080144040862,2.0,False,0,0.0,0.0,2.29,54.9,2.06,2.53
2025-10-16 08:01:50,20251016080150315420,0.0,True,100,0.0,-100.0,2.12,74.54,1.82,2.42
2025-10-16 08:01:58,20251016080158939332,1.85,False,0,0.0,0.0,,0.0,0.0,0.0
2025-10-16 08:02:02,20251016080202823473,0.0,True,100,0.0,-100.0,2.13,70.04,1.79,2.47
2025-10-16 08:02:16,20251016080216659571,2.35,False,0,0.0,0.0,,0.0,0.0,0.0
2025-10-16 08:02:20,20251016080220595614,0.0,True,100,0.0,-100.0,2.17,67.74,1.74,2.6
2025-10-16 08:02:27,20251016080227858078,1.28,False,0,0.0,0.0,,0.0,0.0,0.0
2025-10-16 08:02:28,20251016080228537611,2.0,False,0,0.0,0.0,2.76,56.49,2.59,2.93
2025-10-16 08:02:37,20251016080237686121,2.0,False,0,0.0,0.0,2.06,53.15,1.84,2.29
2025-10-16 08:02:40,20251016080240065540,1.26,False,0,0.0,0.0,,0.0,0.0,0.0
2025-10-16 08:02:40,20251016080240758340,2.0,False,0,0.0,0.0,2.32,59.71,1.83,2.81
2025-10-16 08:07:40,20251016080740491383,1.28,False,0,0.0,0.0,,0.0,0.0,0.0
2025-10-16 08:07:46,20251016080746246155,1.35,True,100,2.0,35.0,2.77,58.78,2.57,2.96
2025-10-16 08:07:53,20251016080753289757,1.52,False,0,0.0,0.0,,0.0,0.0,0.0
2025-10-16 08:07:59,20251016080759416644,1.35,True,125,2.0,43.75,2.04,66.78,1.78,2.29
2025-10-16 08:08:02,20251016080802485874,1.12,False,0,0.0,0.0,,0.0,0.0,0.0
2025-10-16 08:08:08,20251016080808660792,1.35,True,156,2.0,54.60000000000002,2.42,57.6,2.06,2.78
2025-10-16 08:08:26,20251016080826458960,3.65,False,0,0.0,0.0,,0.0,0.0,0.0
2025-10-16 08:08:32,20251016080832163269,1.35,True,195,2.0,68.25,2.14,71.55,1.6,2.68
2025-10-16 08:08:42,20251016080842015206,1.94,False,0,0.0,0.0,,0.0,0.0,0.0
2025-10-16 08:08:48,20251016080848170433,1.35,True,200,2.0,70.0,2.12,62.5,1.8,2.45
2025-10-16 08:09:05,20251016080905184939,1.35,True,200,2.0,70.0,2.35,56.19,1.86,2.84
2025-10-16 08:09:13,20251016080913215730,1.35,True,200,2.0,70.0,2.16,74.1,1.61,2.72
2025-10-16 08:09:56,20251016080956481469,1.35,True,200,2.0,70.0,2.14,63.26,1.66,2.63
2025-10-16 08:10:43,20251016081043654587,3.01,False,0,0.0,0.0,,0.0,0.0,0.0
2025-10-16 08:10:49,20251016081049780421,1.35,True,100,2.0,35.0,2.3,70.74,2.14,2.45
2025-10-16 08:11:05,20251016081105470256,3.15,False,0,0.0,0.0,,0.0,0.0,0.0
2025-10-16 08:11:06,20251016081106152753,2.0,False,0,0.0,0.0,2.19,62.18,1.68,2.69
2025-10-16 08:11:12,20251016081112863741,1.35,True,125,2.0,43.75,1.94,70.25,1.76,2.11
2025-10-16 08:11:22,20251016081122587641,2.08,False,0,0.0,0.0,,0.0,0.0,0.0
2025-10-16 08:11:28,20251016081128779964,1.35,True,156,2.0,54.60000000000002,2.23,65.82,1.77,2.68
2025-10-16 08:11:33,20251016081133174306,1.23,False,0,0.0,0.0,,0.0,0.0,0.0
2025-10-16 08:11:33,20251016081133852860,2.0,False,0,0.0,0.0,2.5,55.69,2.03,2.97
2025-10-16 08:11:37,20251016081137867924,2.0,False,0,0.0,0.0,2.05,52.94,1.71,2.39
2025-10-16 08:11:44,20251016081144904153,1.39,False,0,0.0,0.0,,0.0,0.0,0.0
2025-10-16 08:11:45,20251016081145583565,2.0,False,0,0.0,0.0,1.99,60.92,1.67,2.32
2025-10-16 08:11:52,20251016081152291021,1.35,True,195,2.0,68.25,2.28,67.56,2.01,2.56
2025-10-16 08:16:01,20251016081601316839,17.18,False,0,0.0,0.0,,0.0,0.0,0.0
2025-10-16 08:16:01,20251016081601997372,2.0,False,0,0.0,0.0,2.3,64.09,2.13,2.47
2025-10-16 08:16:05,20251016081605945112,2.0,False,0,0.0,0.0,1.96,53.67,1.7,2.22
2025-10-16 08:16:32,20251016081632203112,6.85,False,0,0.0,0.0,,0.0,0.0,0.0
2025-10-16 08:16:38,20251016081638371945,1.35,True,100,2.0,35.0,2.33,65.93,1.98,2.68
2025-10-16 08:17:25,20251016081725127719,1.29,False,0,0.0,0.0,,0.0,0.0,0.0
2025-10-16 08:17:32,20251016081732336431,1.57,True,100,3.0,57.0,1.97,67.98,1.65,2.3
2025-10-16 08:19:49,20251016081949810960,6.94,False,0,0,0,,0,0,0
2025-10-16 08:19:50,20251016081950528635,2.0,False,0,0,0,2.12,50.87,1.66,2.59
2025-10-16 08:20:16,20251016082016308956,4.77,False,0,0,0,,0,0,0
2025-10-16 08:20:24,20251016082024423963,0,True,100,3.2284772396087646,-100,2.01,79.19,1.71,2.31
2025-10-16 08:20:27,20251016082027322703,1.03,False,0,0,0,,0,0,0
2025-10-16 08:20:28,20251016082028040738,2.0,False,0,0,0,2.09,55.02,1.82,2.36
2025-10-16 08:20:39,20251016082039942217,1.81,False,0,0,0,,0,0,0
2025-10-16 08:20:46,20251016082046835288,1.57,True,100,3.0,57.0,1.82,68.9,1.6,2.03
2025-10-16 08:21:01,20251016082101627299,3.16,False,0,0,0,,0,0,0
2025-10-16 08:21:02,20251016082102335471,2.0,False,0,0,0,2.56,64.73,2.33,2.8
2025-10-16 08:21:09,20251016082109538693,2.0,False,0,0,0,2.62,63.15,2.37,2.86
2025-10-16 08:21:14,20251016082114124006,2.0,False,0,0,0,2.38,49.87,2.18,2.59
2025-10-16 08:21:26,20251016082126033355,1.57,True,125,3.0,71.25,2.52,68.98,2.21,2.83
2025-10-16 08:21:37,20251016082137873215,1.57,True,156,3.0,88.92000000000002,2.01,70.27,1.54,2.47
2025-10-16 08:21:45,20251016082145722175,4.95,False,0,0,0,,0,0,0
2025-10-16 08:21:52,20251016082152514525,1.57,True,195,3.0,111.15000000000003,2.17,68.25,1.82,2.51
2025-10-16 08:21:55,20251016082155399475,1.06,False,0,0,0,,0,0,0
2025-10-16 08:22:01,20251016082201239339,1.57,True,200,3.0,114.0,2.28,70.96,1.96,2.6
2025-10-16 08:22:18,20251016082218307971,1.57,True,200,3.0,114.0,2.42,67.63,2.16,2.69
2025-10-16 08:22:31,20251016082231533529,2.65,False,0,0,0,,0,0,0
2025-10-16 08:22:32,20251016082232257935,2.0,False,0,0,0,2.11,61.7,1.75,2.48
2025-10-16 08:22:40,20251016082240334116,0,True,200,3.1857995986938477,-200,2.3,71.31,1.87,2.74
2025-10-16 08:22:43,20251016082243251760,1.09,False,0,0,0,,0,0,0
2025-10-16 08:23:01,20251016082301888266,3.08,False,0,0,0,,0,0,0
2025-10-16 08:23:10,20251016082310113343,1.57,True,100,3.0,57.0,2.8,71.72,2.69,2.91
2025-10-16 08:23:14,20251016082314352293,1.41,False,0,0,0,,0,0,0
2025-10-16 08:23:15,20251016082315052083,2.0,False,0,0,0,2.31,63.59,1.87,2.76
2025-10-16 08:23:23,20251016082323332723,1.57,True,125,3.0,71.25,2.12,66.8,1.9,2.34
2025-10-16 08:23:39,20251016082339998534,4.41,False,0,0,0,,0,0,0
2025-10-16 08:23:40,20251016082340702800,2.0,False,0,0,0,2.47,58.28,1.95,2.98
2025-10-16 08:23:48,20251016082348975290,1.57,True,156,3.0,88.92000000000002,2.41,77.74,2.1,2.72
2025-10-16 08:23:52,20251016082352561068,1.41,False,0,0,0,,0,0,0
2025-10-16 08:23:53,20251016082353274361,2.0,False,0,0,0,2.08,60.42,1.75,2.41
2025-10-16 08:24:01,20251016082401593227,1.57,True,195,3.0,111.15000000000003,2.31,70.51,1.94,2.67
2025-10-16 08:24:15,20251016082415552960,1.57,True,200,3.0,114.0,2.04,73.2,1.61,2.47
2025-10-16 08:24:33,20251016082433552800,3.91,False,0,0,0,,0,0,0
2025-10-16 08:24:34,20251016082434281933,2.0,False,0,0,0,2.3,50.27,1.8,2.79
2025-10-16 08:24:51,20251016082451031836,2.2,False,0,0,0,,0,0,0
2025-10-16 08:24:55,20251016082455550566,2.0,False,0,0,0,2.08,51.0,1.63,2.52
2025-10-16 08:25:12,20251016082512937337,3.19,False,0,0,0,,0,0,0
2025-10-16 08:25:13,20251016082513701831,2.0,False,0,0,0,2.22,62.12,1.71,2.72
2025-10-16 08:25:21,20251016082521781777,0,True,200,3.2107882499694824,-200,2.23,78.38,1.75,2.71
2025-10-16 08:25:24,20251016082524684307,1.07,False,0,0,0,,0,0,0
2025-10-16 08:25:30,20251016082530079516,1.57,True,100,3.0,57.0,2.11,68.03,1.75,2.48
2025-10-16 08:25:46,20251016082546131205,3.8,False,0,0,0,,0,0,0
2025-10-16 08:25:46,20251016082546860565,2.0,False,0,0,0,2.3,63.11,1.92,2.68
2025-10-16 08:25:54,20251016082554949295,0,True,125,3.1999595165252686,-125,2.14,65.87,1.61,2.67
2025-10-16 08:25:57,20251016082557820681,1.19,False,0,0,0,,0,0,0
2025-10-16 08:26:03,20251016082603219663,1.57,True,100,3.0,57.0,2.01,71.09,1.7,2.32
2025-10-16 10:39:02,20251016103902773524,1.64,False,0,0,0,,0,0,0
2025-10-16 10:39:04,20251016103904786174,2.0,False,0,0,0,2.58,54.75,2.33,2.83
2025-10-16 10:39:31,20251016103931619736,6.63,False,0,0,0,,0,0,0
2025-10-16 10:39:32,20251016103932585550,2.0,False,0,0,0,2.02,59.19,1.94,2.1
2025-10-16 10:39:47,20251016103947995198,0,True,100,0,-100,2.11,70.58,1.72,2.49
2025-10-16 10:40:28,20251016104028126062,55.94,False,0,0,0,,0,0,0
2025-10-16 10:40:40,20251016104040888081,0,True,100,0,-100,2.19,65.72,1.83,2.55
2025-10-16 10:41:43,20251016104143015137,5.11,False,0,0,0,,0,0,0
2025-10-16 10:41:43,20251016104143981479,2.0,False,0,0,0,2.23,63.05,1.73,2.72
2025-10-16 10:41:59,20251016104159351595,0,True,100,0,-100,2.47,78.38,1.93,3.01
2025-10-16 10:42:40,20251016104240429432,18.87,False,0,0,0,,0,0,0
2025-10-16 10:42:41,20251016104241383997,2.0,False,0,0,0,1.95,62.39,1.53,2.37
2025-10-16 10:42:56,20251016104256748269,0,True,100,0,-100,2.13,71.32,1.67,2.6
2025-10-16 10:42:59,20251016104259035177,2.03,False,0,0,0,,0,0,0
2025-10-16 10:43:11,20251016104311928919,0,True,100,0,-100,2.45,66.84,2.29,2.61
2025-10-16 14:27:37,20251016142737677210,0,True,100,0,-100,1.81,66.3,1.59,2.03
2025-10-16 14:27:41,20251016142741302363,1.94,False,0,0,0,,0,0,0
2025-10-16 14:27:42,20251016142742268130,2.0,False,0,0,0,2.29,64.84,2.1,2.48
2025-10-16 14:28:01,20251016142801689311,2.92,False,0,0,0,,0,0,0
2025-10-16 14:28:17,20251016142817122907,0,True,100,0,-100,2.6,73.54,2.46,2.74
2025-10-16 14:28:19,20251016142819390018,1.84,False,0,0,0,,0,0,0
2025-10-16 14:28:31,20251016142831939875,0,True,100,0,-100,2.44,70.84,2.08,2.79
2025-10-16 14:33:24,20251016143324481983,1.01,False,0,0,0,,0,0,0
2025-10-16 14:33:37,20251016143337269032,0,True,100,0,-100,2.19,75.47,1.81,2.56
2025-10-16 14:36:57,20251016143657359493,12.42,False,0,0,0,,0,0,0
2025-10-16 14:37:09,20251016143709846051,0,True,100,0,-100,2.21,68.73,1.84,2.58
2025-10-16 14:37:39,20251016143739024659,1.97,False,0,0,0,,0,0,0
2025-10-16 14:37:51,20251016143751913085,0,True,100,0,-100,2.45,70.39,2.19,2.71
2025-10-16 14:37:59,20251016143759458513,2.89,False,0,0,0,,0,0,0
2025-10-16 14:38:00,20251016143800412292,2.0,False,0,0,0,2.07,64.39,1.69,2.45
2025-10-16 14:41:58,20251016144158285994,1.42,False,0,0,0,,0,0,0
2025-10-16 14:42:14,20251016144214193755,0,True,100,0,-100,2.56,77.13,2.35,2.77
2025-10-16 14:42:19,20251016144219290044,2.8,False,0,0,0,,0,0,0
2025-10-16 14:42:32,20251016144232165002,0,True,100,0,-100,2.35,71.83,2.18,2.53
2025-10-16 14:42:34,20251016144234471817,1.41,False,0,0,0,,0,0,0
2025-10-16 14:56:40,20251016145640225982,5.33,False,0,0,0,,0,0,0
2025-10-16 14:56:41,20251016145641224746,2.0,False,0,0,0,2.25,63.09,2.01,2.49
2025-10-16 14:57:06,20251016145706614554,4.69,False,0,0,0,,0,0,0
2025-10-16 14:57:22,20251016145722564866,0,True,100,0,-100,2.27,78.22,1.83,2.72
2025-10-16 14:57:26,20251016145726803905,1.18,False,0,0,0,,0,0,0
2025-10-16 14:57:27,20251016145727768977,2.0,False,0,0,0,2.56,64.93,2.05,3.07
2025-10-16 14:57:36,20251016145736481646,1.21,False,0,0,0,,0,0,0
2025-10-16 14:57:52,20251016145752127207,0,True,100,0,-100,2.62,65.19,2.26,2.98
2025-10-16 14:57:57,20251016145757718259,2.82,False,0,0,0,,0,0,0
2025-10-16 14:57:58,20251016145758694163,2.0,False,0,0,0,2.31,64.98,2.13,2.49
2025-10-16 14:58:14,20251016145814217104,0,True,100,0,-100,1.96,65.66,1.59,2.33
2025-10-16 14:58:37,20251016145837631071,4.84,False,0,0,0,,0,0,0
2025-10-16 14:58:50,20251016145850307841,0,True,100,0,-100,2.24,65.89,1.81,2.66
2025-10-16 14:58:52,20251016145852616320,1.77,False,0,0,0,,0,0,0
2025-10-16 14:59:05,20251016145905341244,0,True,100,0,-100,2.12,66.98,1.96,2.29
2025-10-16 14:59:09,20251016145909998214,2.18,False,0,0,0,,0,0,0
2025-10-16 14:59:10,20251016145910969695,2.0,False,0,0,0,2.14,61.94,1.85,2.43
2025-10-16 15:03:40,20251016150340288863,4.15,False,0,0,0,,0,0,0
2025-10-16 15:03:41,20251016150341261595,2.0,False,0,0,0,2.39,46.32,1.98,2.81
2025-10-16 15:03:56,20251016150356565614,0,True,100,0,-100,2.61,66.97,2.53,2.69
2025-10-16 15:04:07,20251016150407269622,2.44,False,0,0,0,,0,0,0
2025-10-16 15:04:08,20251016150408226151,2.0,False,0,0,0,2.09,62.2,1.83,2.36
2025-10-16 15:04:23,20251016150423642879,0,True,100,0,-100,1.71,78.21,1.62,1.81
2025-10-16 15:04:33,20251016150433832121,4.67,False,0,0,0,,0,0,0
2025-10-16 15:04:34,20251016150434790227,2.0,False,0,0,0,2.0,57.67,1.81,2.2
2025-10-16 15:04:50,20251016150450856045,0,True,100,0,-100,2.25,66.31,1.83,2.68
2025-10-16 15:04:54,20251016150454501443,1.29,False,0,0,0,,0,0,0
2025-10-16 15:05:07,20251016150507199521,0,True,100,0,-100,2.19,68.74,1.71,2.68
2025-10-16 15:05:18,20251016150518646067,1.91,False,0,0,0,,0,0,0
2025-10-16 15:05:19,20251016150519608037,2.0,False,0,0,0,1.93,63.63,1.8,2.06
2025-10-16 15:21:43,20251016152143289973,6.47,False,0,0,0,,0,0,0
2025-10-16 15:21:56,20251016152156008263,0,True,100,0,-100,2.46,73.46,2.15,2.76
2025-10-16 15:21:59,20251016152159229592,1.92,False,0,0,0,,0,0,0
2025-10-16 15:22:00,20251016152200200533,2.0,False,0,0,0,2.29,58.07,2.0,2.59
2025-10-16 15:22:15,20251016152215621019,0,True,100,0,-100,1.93,66.12,1.52,2.33
2025-10-16 15:22:31,20251016152231325057,0,True,100,0,-100,2.2,74.09,1.58,2.83
2025-10-16 15:23:12,20251016152312981653,2.82,False,0,0,0,,0,0,0
2025-10-16 15:23:25,20251016152325495988,0,True,100,0,-100,2.37,72.96,2.25,2.49
2025-10-16 15:23:33,20251016152333912238,2.2,False,0,0,0,,0,0,0
2025-10-16 15:23:45,20251016152345945180,1.8,False,0,0,0,,0,0,0
2025-10-16 15:23:58,20251016152358469505,0,True,100,0,-100,1.81,69.86,1.44,2.18
2025-10-16 15:32:38,20251016153238481757,302.8,False,0,0,0,,0,0,0
2025-10-16 15:32:56,20251016153256732287,2.33,False,0,0,0,,0,0,0
2025-10-16 15:32:57,20251016153257414902,2.0,False,0,0,0,2.09,57.55,1.57,2.6
2025-10-16 15:33:12,20251016153312995547,2.13,False,0,0,0,,0,0,0
2025-10-16 15:33:17,20251016153317412369,2.0,False,0,0,0,2.32,57.25,2.12,2.52
2025-10-16 15:33:41,20251016153341893963,5.32,False,0,0,0,,0,0,0
2025-10-16 15:33:42,20251016153342589229,2.0,False,0,0,0,2.39,51.41,2.12,2.66
2025-10-16 15:33:55,20251016153355532274,1.65,False,0,0,0,,0,0,0
2025-10-16 15:34:04,20251016153404559483,0,True,100,0,-100,2.06,75.57,n,o
2025-10-16 15:34:39,20251016153439013900,2.0,False,0,0,0,2.33,52.22,1.97,2.69
2025-10-16 15:35:15,20251016153515625942,4.05,False,0,0,0,,0,0,0
2025-10-16 15:35:26,20251016153526875592,1.34,False,0,0,0,,0,0,0
2025-10-16 15:40:22,20251016154022068807,2.3,False,0,0,0,,0,0,0
2025-10-16 15:40:22,20251016154022756801,2.0,False,0,0,0,2.42,59.58,2.02,2.81
2025-10-16 15:40:33,20251016154033649357,1.33,False,0,0,0,,0,0,0
2025-10-16 15:40:41,20251016154041193591,0,True,100,2.4197072982788086,-100,2.12,66.74,1.77,2.47
2025-10-16 15:41:00,20251016154100155873,2.0,False,0,0,0,2.19,63.65,2.13,2.26
2025-10-16 15:59:36,20251016155936276963,1.69,False,0,0,0,,0,0,0
2025-10-16 15:59:48,20251016155948291784,1.43,True,100,2.4,43.0,2.17,72.19,1.83,2.51
2025-10-16 15:59:51,20251016155951009543,1.65,False,0,0,0,,0,0,0
2025-10-16 15:59:57,20251016155957401032,0,True,125,0,-125,2.65,68.15,n,o
2025-10-16 16:00:01,20251016160001707954,2.0,False,0,0,0,2.45,60.7,1.92,2.97
2025-10-16 16:00:29,20251016160029723118,6.69,False,0,0,0,,0,0,0
2025-10-16 16:00:36,20251016160036516460,0,True,100,2.275120258331299,-100,2.59,75.89,2.42,2.77
2025-10-16 16:00:39,20251016160039206084,1.12,False,0,0,0,,0,0,0
2025-10-16 16:00:51,20251016160051387978,1.43,True,100,2.4,43.0,2.38,67.13,2.05,2.72
2025-10-16 16:00:54,20251016160054123401,1.38,False,0,0,0,,0,0,0
2025-10-16 16:01:20,20251016160120507295,6.36,False,0,0,0,,0,0,0
2025-10-16 16:01:37,20251016160137659167,0,True,125,0,-125,2.42,71.83,n,o
2025-10-16 16:01:51,20251016160151674327,1.43,True,100,2.4,43.0,2.1,68.52,1.69,2.51
2025-10-16 16:02:08,20251016160208462197,5.98,False,0,0,0,,0,0,0
2025-10-16 16:02:09,20251016160209191251,2.0,False,0,0,0,2.18,61.85,1.6,2.76
2025-10-16 16:02:46,20251016160246822538,12.81,False,0,0,0,,0,0,0
2025-10-16 16:02:47,20251016160247523786,2.0,False,0,0,0,2.11,58.38,1.66,2.57
2025-10-16 16:02:59,20251016160259936065,1.49,False,0,0,0,,0,0,0
2025-10-16 16:03:12,20251016160312154313,1.43,True,125,2.4,53.75,2.14,71.69,1.8,2.48
2025-10-16 16:03:25,20251016160325869113,4.38,False,0,0,0,,0,0,0
2025-10-16 16:03:26,20251016160326565713,2.0,False,0,0,0,2.58,57.19,2.25,2.9
2025-10-16 16:03:34,20251016160334483489,1.05,False,0,0,0,,0,0,0
2025-10-16 16:03:35,20251016160335186623,2.0,False,0,0,0,2.55,62.91,2.33,2.77
2025-10-16 16:03:49,20251016160349617168,1.81,False,0,0,0,,0,0,0
2025-10-16 16:03:50,20251016160350317771,2.0,False,0,0,0,2.07,59.71,1.63,2.5
2025-10-16 16:20:40,20251016162040369574,3.51,False,0,0,0,,0,0,0
2025-10-16 16:20:49,20251016162049167354,1.49,False,0,0,0,,0,0,0
2025-10-16 16:21:01,20251016162101336602,1.43,True,100,2.4,43.0,2.02,65.54,1.68,2.37
2025-10-16 16:21:12,20251016162112664580,3.54,False,0,0,0,,0,0,0
2025-10-16 16:21:24,20251016162124746407,1.43,True,125,2.4,53.75,2.3,69.64,1.83,2.78
2025-10-16 16:21:39,20251016162139524920,4.85,False,0,0,0,,0,0,0
2025-10-16 16:21:51,20251016162151523776,1.43,True,156,2.4,67.07999999999998,2.37,77.81,2.0,2.74
2025-10-16 16:21:54,20251016162154175313,1.57,False,0,0,0,,0,0,0
2025-10-16 16:22:01,20251016162201942808,0,True,195,0,-195,2.3,72.02,n,o
2025-10-16 16:22:06,20251016162206049209,2.0,False,0,0,0,2.13,62.97,1.78,2.49
2025-10-16 16:24:58,20251016162458092720,2.36,False,0,0,0,,0,0,0
2025-10-16 16:24:58,20251016162458783420,2.0,False,0,0,0,2.33,61.45,1.96,2.71
2025-10-16 16:25:16,20251016162516238138,2.0,False,0,0,0,2.48,56.5,2.15,2.82
2025-10-16 16:25:48,20251016162548372750,1.69,False,0,0,0,,0,0,0
2025-10-16 16:26:00,20251016162600393245,1.43,True,100,2.4,43.0,2.12,70.37,1.84,2.39
2025-10-16 16:26:30,20251016162630290066,16.47,False,0,0,0,,0,0,0
2025-10-16 16:26:30,20251016162630989372,2.0,False,0,0,0,2.23,59.03,1.88,2.59
2025-10-16 16:26:39,20251016162639082425,1.08,False,0,0,0,,0,0,0
2025-10-16 16:26:51,20251016162651196694,1.43,True,125,2.4,53.75,2.09,66.02,1.61,2.56
2025-10-16 16:27:01,20251016162701214654,3.22,False,0,0,0,,0,0,0
2025-10-16 16:27:13,20251016162713228511,1.43,True,156,2.4,67.07999999999998,2.54,66.06,2.23,2.85
2025-10-16 16:27:44,20251016162744581937,19.01,False,0,0,0,,0,0,0
2025-10-16 16:27:56,20251016162756561149,1.43,True,195,2.4,83.84999999999997,1.93,77.37,1.78,2.07
2025-10-16 16:28:05,20251016162805416415,1.21,False,0,0,0,,0,0,0
2025-10-16 16:28:06,20251016162806099230,2.0,False,0,0,0,2.59,56.1,2.39,2.78
2025-10-16 16:28:39,20251016162839298360,9.22,False,0,0,0,,0,0,0
2025-10-16 16:29:00,20251016162900702368,0,True,200,0,-200,2.35,77.96,n,o
2025-10-16 16:29:15,20251016162915231089,2.0,False,0,0,0,2.38,61.5,1.81,2.96
2025-10-16 16:29:54,20251016162954384088,15.44,False,0,0,0,,0,0,0
2025-10-16 16:30:00,20251016163000531306,0,True,100,1.7308063507080078,-100,2.37,74.78,2.01,2.72
2025-10-16 16:30:04,20251016163004932864,2.0,False,0,0,0,2.46,64.47,1.97,2.96
2025-10-16 16:30:13,20251016163013827406,1.29,False,0,0,0,,0,0,0
2025-10-16 16:30:14,20251016163014495187,2.0,False,0,0,0,2.34,64.91,1.87,2.81
2025-10-16 16:30:25,20251016163025478085,1.45,False,0,0,0,,0,0,0
2025-10-16 16:30:29,20251016163029862326,2.0,False,0,0,0,2.12,50.76,1.6,2.63
2025-10-16 16:30:44,20251016163044811319,2.37,False,0,0,0,,0,0,0
2025-10-16 16:30:45,20251016163045495789,2.0,False,0,0,0,2.55,59.23,2.28,2.81
2025-10-16 16:30:57,20251016163057678655,1.55,False,0,0,0,,0,0,0
2025-10-16 16:31:07,20251016163107994589,1.25,False,0,0,0,,0,0,0
2025-10-16 16:31:18,20251016163118518068,0,True,100,0,-100,2.35,74.25,n,o
2025-10-16 16:31:22,20251016163122612092,2.0,False,0,0,0,2.17,57.0,1.67,2.68
