Timestamp,Round ID,Final Multiplier,Cashout Multiplier,Bet Placed,Stake,Profit/Loss,Cumulative P/L
2025-10-31 03:26:58,69,0.0,,Yes,30.0,-30.0,0.0
2025-10-31 03:34:55,101,0.0,,Yes,30.0,-30.0,0.0
2025-11-02 03:16:00,11,0.00,N/A,No,0.00,0.00,+0.00
2025-11-02 03:16:47,12,0.00,N/A,No,0.00,0.00,+0.00
2025-11-02 03:18:49,21,0.00,N/A,No,0.00,0.00,+0.00
2025-11-02 03:20:44,26,0.00,N/A,No,0.00,0.00,+0.00
2025-11-02 03:20:53,27,0.00,N/A,No,0.00,0.00,+0.00
2025-11-02 03:21:52,31,0.00,N/A,No,0.00,0.00,+0.00
2025-11-02 03:22:25,34,0.00,N/A,No,0.00,0.00,+0.00
2025-11-02 03:22:33,35,0.00,N/A,No,0.00,0.00,+0.00
2025-11-02 03:22:54,36,0.00,N/A,No,0.00,0.00,+0.00
2025-11-02 03:23:13,37,0.00,N/A,No,0.00,0.00,+0.00
2025-11-02 03:27:02,50,0.00,N/A,No,0.00,0.00,+0.00
2025-11-02 03:27:28,51,0.00,N/A,No,0.00,0.00,+0.00
2025-11-02 03:28:12,52,0.00,N/A,No,0.00,0.00,+0.00
2025-11-02 03:28:30,53,0.00,N/A,No,0.00,0.00,+0.00
2025-11-02 03:29:42,57,0.00,N/A,No,0.00,0.00,+0.00
2025-11-02 03:30:00,58,0.00,N/A,No,0.00,0.00,+0.00
2025-11-02 03:30:09,60,0.00,N/A,No,0.00,0.00,+0.00
2025-11-02 03:31:05,61,0.00,N/A,No,0.00,0.00,+0.00
2025-11-02 03:33:23,67,0.00,N/A,No,0.00,0.00,+0.00
2025-11-02 03:33:35,68,0.00,N/A,No,0.00,0.00,+0.00
2025-11-02 03:35:46,77,0.00,N/A,No,0.00,0.00,+0.00
2025-11-02 03:36:46,78,0.00,N/A,No,0.00,0.00,+0.00
2025-11-02 03:36:50,79,0.00,N/A,No,0.00,0.00,+0.00
2025-11-02 03:37:36,80,0.00,N/A,No,0.00,0.00,+0.00
2025-11-02 03:38:15,83,0.00,N/A,No,0.00,0.00,+0.00
2025-11-02 03:38:25,84,0.00,N/A,No,0.00,0.00,+0.00
2025-11-02 03:38:56,87,0.00,N/A,No,0.00,0.00,+0.00
2025-11-02 03:39:05,88,0.00,N/A,No,0.00,0.00,+0.00
2025-11-02 03:44:23,109,0.00,N/A,No,0.00,0.00,+0.00
2025-11-02 03:44:55,110,0.00,N/A,No,0.00,0.00,+0.00
2025-11-02 03:45:12,111,0.00,N/A,No,0.00,0.00,+0.00
2025-11-02 03:46:37,115,0.00,N/A,No,0.00,0.00,+0.00
2025-11-02 03:46:55,116,0.00,N/A,No,0.00,0.00,+0.00
2025-11-02 03:47:30,119,0.00,N/A,No,0.00,0.00,+0.00
2025-11-02 03:47:44,120,0.00,N/A,No,0.00,0.00,+0.00
2025-11-02 03:48:17,123,0.00,N/A,No,0.00,0.00,+0.00
2025-11-02 03:48:28,124,0.00,N/A,No,0.00,0.00,+0.00
2025-11-02 03:51:06,133,0.00,N/A,No,0.00,0.00,+0.00
2025-11-02 03:56:04,149,0.00,N/A,No,0.00,0.00,+0.00
2025-11-02 03:56:14,150,0.00,N/A,No,0.00,0.00,+0.00
2025-11-02 03:57:39,156,0.00,N/A,No,0.00,0.00,+0.00
2025-11-02 03:57:58,157,0.00,N/A,No,0.00,0.00,+0.00
2025-11-07 02:16:39,20251107021600681,0.00,N/A,Yes,25.00,-25.00,+0.00
2025-11-07 02:16:51,20251107021639045,0.00,N/A,Yes,25.00,-25.00,+0.00
2025-11-07 02:17:12,20251107021651282,0.00,N/A,Yes,25.00,-25.00,+0.00
2025-11-07 02:17:36,20251107021712685,0.00,N/A,Yes,25.00,-25.00,+0.00
2025-11-07 02:18:01,20251107021736827,0.00,N/A,Yes,25.00,-25.00,+0.00
2025-11-07 02:18:13,20251107021801445,0.00,N/A,Yes,25.00,-25.00,+0.00
2025-11-07 02:18:21,20251107021813958,0.00,N/A,Yes,25.00,-25.00,+0.00
2025-11-07 02:18:45,20251107021821994,0.00,N/A,Yes,25.00,-25.00,+0.00
2025-11-07 02:18:54,20251107021845105,0.00,N/A,Yes,25.00,-25.00,+0.00
2025-11-07 02:19:10,20251107021854461,0.00,N/A,Yes,25.00,-25.00,+0.00
2025-11-07 02:19:23,20251107021910183,0.00,N/A,Yes,25.00,-25.00,+0.00
2025-11-07 02:19:31,20251107021923954,0.00,N/A,Yes,25.00,-25.00,+0.00
2025-11-07 02:22:37,20251107022215674,0.00,N/A,Yes,25.00,-25.00,+0.00
2025-11-07 02:22:47,20251107022237227,0.00,N/A,Yes,25.00,-25.00,+0.00
2025-11-07 02:22:56,20251107022247644,0.00,N/A,Yes,25.00,-25.00,+0.00
2025-11-07 02:31:28,20251107023110907,0.00,N/A,Yes,25.00,-25.00,+0.00
2025-11-07 02:31:37,20251107023128139,0.00,N/A,Yes,25.00,-25.00,+0.00
2025-11-07 02:31:49,20251107023137430,0.00,N/A,Yes,25.00,-25.00,+0.00
2025-11-07 02:32:13,20251107023149571,0.00,N/A,Yes,25.00,-25.00,+0.00
2025-11-07 02:32:27,20251107023213853,0.00,N/A,Yes,25.00,-25.00,+0.00
2025-11-07 02:32:42,20251107023227745,0.00,N/A,Yes,25.00,-25.00,+0.00
2025-11-07 02:33:04,20251107023242209,0.00,N/A,Yes,25.00,-25.00,+0.00
2025-11-07 03:01:28,20251107030124341,0.00,N/A,No,0.00,0.00,+0.00
2025-11-07 03:01:57,20251107030128847,0.00,N/A,No,0.00,0.00,+0.00
2025-11-07 03:04:41,20251107030416301,0.00,N/A,Yes,25.00,-25.00,+0.00
2025-11-07 03:05:41,20251107030441821,0.00,N/A,No,0.00,0.00,+0.00
2025-11-07 03:06:41,20251107030541869,0.00,N/A,No,0.00,0.00,+0.00
2025-11-07 03:07:42,20251107030641923,0.00,N/A,No,0.00,0.00,+0.00
2025-11-07 03:08:42,20251107030742098,0.00,N/A,No,0.00,0.00,+0.00
2025-11-07 03:09:42,20251107030842114,0.00,N/A,No,0.00,0.00,+0.00
2025-11-07 03:10:42,20251107030942434,0.00,N/A,No,0.00,0.00,+0.00
2025-11-07 03:11:42,20251107031042600,0.00,N/A,No,0.00,0.00,+0.00
2025-11-07 03:12:43,20251107031142809,0.00,N/A,No,0.00,0.00,+0.00
2025-11-07 03:13:43,20251107031243164,0.00,N/A,No,0.00,0.00,+0.00
2025-11-07 03:14:43,20251107031343378,0.00,N/A,No,0.00,0.00,+0.00
2025-11-07 03:15:43,20251107031443676,0.00,N/A,No,0.00,0.00,+0.00
2025-11-07 03:16:44,20251107031543995,0.00,N/A,No,0.00,0.00,+0.00
2025-11-07 03:17:44,20251107031644178,0.00,N/A,No,0.00,0.00,+0.00
2025-11-07 03:18:44,20251107031744753,0.00,N/A,No,0.00,0.00,+0.00
2025-11-07 03:19:45,20251107031844865,0.00,N/A,No,0.00,0.00,+0.00
2025-11-07 03:20:45,20251107031945035,0.00,N/A,No,0.00,0.00,+0.00
2025-11-07 03:21:45,20251107032045349,0.00,N/A,No,0.00,0.00,+0.00
2025-11-07 03:22:46,20251107032145421,0.00,N/A,No,0.00,0.00,+0.00
2025-11-07 03:23:46,20251107032246113,0.00,N/A,No,0.00,0.00,+0.00
2025-11-07 03:24:46,20251107032346807,0.00,N/A,No,0.00,0.00,+0.00
2025-11-07 03:25:47,20251107032447007,0.00,N/A,No,0.00,0.00,+0.00
2025-11-07 03:26:47,20251107032547190,0.00,N/A,No,0.00,0.00,+0.00
2025-11-07 03:27:47,20251107032647290,0.00,N/A,No,0.00,0.00,+0.00
2025-11-07 03:28:48,20251107032747543,0.00,N/A,No,0.00,0.00,+0.00
2025-11-07 03:29:48,20251107032848217,0.00,N/A,No,0.00,0.00,+0.00
2025-11-07 03:30:48,20251107032948690,0.00,N/A,No,0.00,0.00,+0.00
2025-11-07 03:31:49,20251107033048947,0.00,N/A,No,0.00,0.00,+0.00
2025-11-07 03:32:49,20251107033149171,0.00,N/A,No,0.00,0.00,+0.00
2025-11-07 03:33:49,20251107033249379,0.00,N/A,No,0.00,0.00,+0.00
2025-11-07 03:34:49,20251107033349664,0.00,N/A,No,0.00,0.00,+0.00
2025-11-07 03:35:49,20251107033449853,0.00,N/A,No,0.00,0.00,+0.00
2025-11-07 03:36:50,20251107033549988,0.00,N/A,No,0.00,0.00,+0.00
2025-11-07 03:37:50,20251107033650012,0.00,N/A,No,0.00,0.00,+0.00
2025-11-07 03:38:50,20251107033750047,0.00,N/A,No,0.00,0.00,+0.00
2025-11-07 03:39:50,20251107033850365,0.00,N/A,No,0.00,0.00,+0.00
2025-11-07 03:40:50,20251107033950594,0.00,N/A,No,0.00,0.00,+0.00
2025-11-07 03:41:51,20251107034050997,0.00,N/A,No,0.00,0.00,+0.00
2025-11-07 03:42:51,20251107034151322,0.00,N/A,No,0.00,0.00,+0.00
2025-11-07 03:43:51,20251107034251540,0.00,N/A,No,0.00,0.00,+0.00
2025-11-07 03:44:52,20251107034351897,0.00,N/A,No,0.00,0.00,+0.00
2025-11-07 03:45:52,20251107034452146,0.00,N/A,No,0.00,0.00,+0.00
2025-11-07 03:46:52,20251107034552772,0.00,N/A,No,0.00,0.00,+0.00
2025-11-07 03:47:53,20251107034652873,0.00,N/A,No,0.00,0.00,+0.00
2025-11-07 03:48:53,20251107034753108,0.00,N/A,No,0.00,0.00,+0.00
2025-11-07 03:49:53,20251107034853228,0.00,N/A,No,0.00,0.00,+0.00
2025-11-07 03:50:53,20251107034953347,0.00,N/A,No,0.00,0.00,+0.00
2025-11-07 03:51:54,20251107035053614,0.00,N/A,No,0.00,0.00,+0.00
2025-11-07 03:52:54,20251107035154237,0.00,N/A,No,0.00,0.00,+0.00
2025-11-07 03:53:54,20251107035254341,0.00,N/A,No,0.00,0.00,+0.00
2025-11-07 03:54:54,20251107035354478,0.00,N/A,No,0.00,0.00,+0.00
2025-11-07 03:55:54,20251107035454598,0.00,N/A,No,0.00,0.00,+0.00
2025-11-07 03:56:55,20251107035554857,0.00,N/A,No,0.00,0.00,+0.00
2025-11-07 03:57:55,20251107035655211,0.00,N/A,No,0.00,0.00,+0.00
2025-11-07 03:58:56,20251107035755405,0.00,N/A,No,0.00,0.00,+0.00
2025-11-07 03:59:56,20251107035856015,0.00,N/A,No,0.00,0.00,+0.00
2025-11-07 04:00:56,20251107035956150,0.00,N/A,No,0.00,0.00,+0.00
2025-11-07 04:01:56,20251107040056400,0.00,N/A,No,0.00,0.00,+0.00
2025-11-07 04:02:56,20251107040156471,0.00,N/A,No,0.00,0.00,+0.00
2025-11-07 04:03:56,20251107040256609,0.00,N/A,No,0.00,0.00,+0.00
2025-11-07 04:50:06,20251107040356883,0.00,N/A,No,0.00,0.00,+0.00
2025-11-07 06:00:35,20251107045006494,0.00,N/A,No,0.00,0.00,+0.00
2025-11-07 06:01:37,20251107060036877,0.00,N/A,No,0.00,0.00,+0.00
2025-11-07 06:02:37,20251107060137475,0.00,N/A,No,0.00,0.00,+0.00
2025-11-07 06:03:37,20251107060237672,0.00,N/A,No,0.00,0.00,+0.00
2025-11-07 06:04:38,20251107060338007,0.00,N/A,No,0.00,0.00,+0.00
2025-11-07 06:05:38,20251107060438506,0.00,N/A,No,0.00,0.00,+0.00
2025-11-07 06:06:39,20251107060538996,0.00,N/A,No,0.00,0.00,+0.00
2025-11-07 06:07:39,20251107060639398,0.00,N/A,No,0.00,0.00,+0.00
2025-11-07 06:08:40,20251107060739888,0.00,N/A,No,0.00,0.00,+0.00
2025-11-07 06:09:40,20251107060840531,0.00,N/A,No,0.00,0.00,+0.00
2025-11-07 06:10:40,20251107060940699,0.00,N/A,No,0.00,0.00,+0.00
2025-11-07 06:11:41,20251107061040903,0.00,N/A,No,0.00,0.00,+0.00
2025-11-07 06:12:41,20251107061141031,0.00,N/A,No,0.00,0.00,+0.00
2025-11-07 06:13:41,20251107061241237,0.00,N/A,No,0.00,0.00,+0.00
2025-11-07 06:14:41,20251107061341367,0.00,N/A,No,0.00,0.00,+0.00
2025-11-07 06:15:42,20251107061441670,0.00,N/A,No,0.00,0.00,+0.00
2025-11-07 06:16:42,20251107061542061,0.00,N/A,No,0.00,0.00,+0.00
2025-11-07 06:17:42,20251107061642595,0.00,N/A,No,0.00,0.00,+0.00
2025-11-07 06:18:43,20251107061742925,0.00,N/A,No,0.00,0.00,+0.00
2025-11-07 06:19:43,20251107061843407,0.00,N/A,No,0.00,0.00,+0.00
2025-11-07 06:20:43,20251107061943537,0.00,N/A,No,0.00,0.00,+0.00
2025-11-07 06:21:43,20251107062043620,0.00,N/A,No,0.00,0.00,+0.00
2025-11-07 06:22:43,20251107062143797,0.00,N/A,No,0.00,0.00,+0.00
2025-11-07 06:23:44,20251107062243870,0.00,N/A,No,0.00,0.00,+0.00
2025-11-07 06:24:44,20251107062344202,0.00,N/A,No,0.00,0.00,+0.00
2025-11-07 06:25:44,20251107062444580,0.00,N/A,No,0.00,0.00,+0.00
2025-11-07 06:26:44,20251107062544755,0.00,N/A,No,0.00,0.00,+0.00
2025-11-07 06:27:45,20251107062644864,0.00,N/A,No,0.00,0.00,+0.00
2025-11-07 06:28:45,20251107062745188,0.00,N/A,No,0.00,0.00,+0.00
2025-11-07 06:29:45,20251107062845293,0.00,N/A,No,0.00,0.00,+0.00
2025-11-07 06:30:45,20251107062945535,0.00,N/A,No,0.00,0.00,+0.00
2025-11-07 06:31:46,20251107063045645,0.00,N/A,No,0.00,0.00,+0.00
2025-11-07 06:32:46,20251107063146241,0.00,N/A,No,0.00,0.00,+0.00
2025-11-07 06:33:46,20251107063246699,0.00,N/A,No,0.00,0.00,+0.00
2025-11-07 06:34:46,20251107063346757,0.00,N/A,No,0.00,0.00,+0.00
2025-11-07 06:35:47,20251107063446891,0.00,N/A,No,0.00,0.00,+0.00
2025-11-07 06:36:47,20251107063547134,0.00,N/A,No,0.00,0.00,+0.00
2025-11-07 07:30:42,20251107063647356,0.00,N/A,No,0.00,0.00,+0.00
2025-11-07 07:31:42,20251107073042699,0.00,N/A,No,0.00,0.00,+0.00
2025-11-07 07:32:42,20251107073142767,0.00,N/A,No,0.00,0.00,+0.00
2025-11-07 07:33:42,20251107073242955,0.00,N/A,No,0.00,0.00,+0.00
2025-11-07 07:34:43,20251107073342978,0.00,N/A,No,0.00,0.00,+0.00
2025-11-07 07:35:43,20251107073443264,0.00,N/A,No,0.00,0.00,+0.00
2025-11-07 07:36:43,20251107073543572,0.00,N/A,No,0.00,0.00,+0.00
2025-11-07 07:37:43,20251107073643641,0.00,N/A,No,0.00,0.00,+0.00
2025-11-07 07:38:43,20251107073743888,0.00,N/A,No,0.00,0.00,+0.00
2025-11-07 07:39:44,20251107073843950,0.00,N/A,No,0.00,0.00,+0.00
2025-11-07 07:40:44,20251107073944049,0.00,N/A,No,0.00,0.00,+0.00
2025-11-07 07:41:44,20251107074044239,0.00,N/A,No,0.00,0.00,+0.00
2025-11-07 07:42:44,20251107074144378,0.00,N/A,No,0.00,0.00,+0.00
2025-11-07 07:43:44,20251107074244674,0.00,N/A,No,0.00,0.00,+0.00
2025-11-07 07:44:45,20251107074344953,0.00,N/A,No,0.00,0.00,+0.00
2025-11-07 07:45:45,20251107074445172,0.00,N/A,No,0.00,0.00,+0.00
2025-11-07 07:46:45,20251107074545262,0.00,N/A,No,0.00,0.00,+0.00
2025-11-07 07:47:45,20251107074645542,0.00,N/A,No,0.00,0.00,+0.00
2025-11-07 07:48:45,20251107074745752,0.00,N/A,No,0.00,0.00,+0.00
2025-11-07 07:49:46,20251107074845997,0.00,N/A,No,0.00,0.00,+0.00
2025-11-07 07:50:46,20251107074946112,0.00,N/A,No,0.00,0.00,+0.00
2025-11-07 07:51:46,20251107075046348,0.00,N/A,No,0.00,0.00,+0.00
2025-11-07 07:52:46,20251107075146496,0.00,N/A,No,0.00,0.00,+0.00
2025-11-07 07:53:46,20251107075246858,0.00,N/A,No,0.00,0.00,+0.00
2025-11-07 07:54:46,20251107075346930,0.00,N/A,No,0.00,0.00,+0.00
2025-11-07 07:55:47,20251107075446994,0.00,N/A,No,0.00,0.00,+0.00
2025-11-07 07:56:47,20251107075547034,0.00,N/A,No,0.00,0.00,+0.00
2025-11-07 07:57:47,20251107075647160,0.00,N/A,No,0.00,0.00,+0.00
2025-11-07 07:58:47,20251107075747301,0.00,N/A,No,0.00,0.00,+0.00
2025-11-07 07:59:47,20251107075847591,0.00,N/A,No,0.00,0.00,+0.00
2025-11-07 08:00:48,20251107075947841,0.00,N/A,No,0.00,0.00,+0.00
2025-11-07 08:01:48,20251107080048418,0.00,N/A,No,0.00,0.00,+0.00
2025-11-07 08:02:48,20251107080148634,0.00,N/A,No,0.00,0.00,+0.00
2025-11-07 08:03:48,20251107080248678,0.00,N/A,No,0.00,0.00,+0.00
2025-11-07 08:04:48,20251107080348893,0.00,N/A,No,0.00,0.00,+0.00
2025-11-07 08:05:49,20251107080448999,0.00,N/A,No,0.00,0.00,+0.00
2025-11-07 08:06:49,20251107080549164,0.00,N/A,No,0.00,0.00,+0.00
2025-11-07 08:07:49,20251107080649194,0.00,N/A,No,0.00,0.00,+0.00
2025-11-07 08:08:49,20251107080749237,0.00,N/A,No,0.00,0.00,+0.00
2025-11-07 08:09:49,20251107080849398,0.00,N/A,No,0.00,0.00,+0.00
2025-11-07 08:10:49,20251107080949440,0.00,N/A,No,0.00,0.00,+0.00
2025-11-07 08:11:49,20251107081049500,0.00,N/A,No,0.00,0.00,+0.00
2025-11-07 08:12:49,20251107081149720,0.00,N/A,No,0.00,0.00,+0.00
2025-11-07 08:13:49,20251107081249743,0.00,N/A,No,0.00,0.00,+0.00
2025-11-07 08:14:50,20251107081349998,0.00,N/A,No,0.00,0.00,+0.00
2025-11-07 08:15:50,20251107081450192,0.00,N/A,No,0.00,0.00,+0.00
2025-11-07 08:18:10,20251107081550281,0.00,N/A,No,0.00,0.00,+0.00
2025-11-07 08:45:24,20251107081810432,0.00,N/A,No,0.00,0.00,+0.00
2025-11-07 08:46:44,20251107084525052,0.00,N/A,No,0.00,0.00,+0.00
2025-11-07 08:47:44,20251107084644625,0.00,N/A,No,0.00,0.00,+0.00
2025-11-07 08:48:44,20251107084744823,0.00,N/A,No,0.00,0.00,+0.00
2025-11-07 08:49:45,20251107084844866,0.00,N/A,No,0.00,0.00,+0.00
2025-11-07 08:50:45,20251107084945159,0.00,N/A,No,0.00,0.00,+0.00
2025-11-07 08:51:45,20251107085045278,0.00,N/A,No,0.00,0.00,+0.00
2025-11-07 08:52:45,20251107085145539,0.00,N/A,No,0.00,0.00,+0.00
2025-11-07 08:53:46,20251107085245876,0.00,N/A,No,0.00,0.00,+0.00
2025-11-07 08:54:46,20251107085346104,0.00,N/A,No,0.00,0.00,+0.00
2025-11-07 08:55:46,20251107085446478,0.00,N/A,No,0.00,0.00,+0.00
2025-11-07 08:56:47,20251107085546787,0.00,N/A,No,0.00,0.00,+0.00
2025-11-07 08:57:47,20251107085647089,0.00,N/A,No,0.00,0.00,+0.00
2025-11-07 08:58:47,20251107085747112,0.00,N/A,No,0.00,0.00,+0.00
2025-11-07 08:59:47,20251107085847223,0.00,N/A,No,0.00,0.00,+0.00
2025-11-07 09:00:47,20251107085947291,0.00,N/A,No,0.00,0.00,+0.00
2025-11-07 09:01:47,20251107090047543,0.00,N/A,No,0.00,0.00,+0.00
2025-11-07 09:02:47,20251107090147701,0.00,N/A,No,0.00,0.00,+0.00
2025-11-07 09:03:47,20251107090247863,0.00,N/A,No,0.00,0.00,+0.00
2025-11-07 09:04:48,20251107090347954,0.00,N/A,No,0.00,0.00,+0.00
2025-11-07 09:05:48,20251107090448077,0.00,N/A,No,0.00,0.00,+0.00
2025-11-07 09:06:48,20251107090548273,0.00,N/A,No,0.00,0.00,+0.00
2025-11-07 09:07:48,20251107090648519,0.00,N/A,No,0.00,0.00,+0.00
2025-11-07 09:08:49,20251107090748882,0.00,N/A,No,0.00,0.00,+0.00
2025-11-07 09:09:49,20251107090849224,0.00,N/A,No,0.00,0.00,+0.00
2025-11-07 09:10:49,20251107090949288,0.00,N/A,No,0.00,0.00,+0.00
2025-11-07 09:11:49,20251107091049372,0.00,N/A,No,0.00,0.00,+0.00
2025-11-07 09:12:49,20251107091149679,0.00,N/A,No,0.00,0.00,+0.00
2025-11-07 09:13:49,20251107091249798,0.00,N/A,No,0.00,0.00,+0.00
2025-11-07 09:14:50,20251107091350009,0.00,N/A,No,0.00,0.00,+0.00
2025-11-07 09:15:50,20251107091450066,0.00,N/A,No,0.00,0.00,+0.00
2025-11-07 09:16:50,20251107091550295,0.00,N/A,No,0.00,0.00,+0.00
2025-11-07 09:17:50,20251107091650333,0.00,N/A,No,0.00,0.00,+0.00
2025-11-07 09:18:50,20251107091750713,0.00,N/A,No,0.00,0.00,+0.00
2025-11-07 09:19:51,20251107091850826,0.00,N/A,No,0.00,0.00,+0.00
2025-11-07 09:20:51,20251107091951057,0.00,N/A,No,0.00,0.00,+0.00
2025-11-07 09:21:51,20251107092051205,0.00,N/A,No,0.00,0.00,+0.00
2025-11-07 09:22:51,20251107092151392,0.00,N/A,No,0.00,0.00,+0.00
2025-11-07 09:23:51,20251107092251705,0.00,N/A,No,0.00,0.00,+0.00
2025-11-07 09:24:52,20251107092351975,0.00,N/A,No,0.00,0.00,+0.00
2025-11-07 09:25:52,20251107092452123,0.00,N/A,No,0.00,0.00,+0.00
2025-11-07 09:26:52,20251107092552355,0.00,N/A,No,0.00,0.00,+0.00
2025-11-07 09:27:52,20251107092652509,0.00,N/A,No,0.00,0.00,+0.00
2025-11-07 09:28:52,20251107092752532,0.00,N/A,No,0.00,0.00,+0.00
2025-11-07 09:29:52,20251107092852627,0.00,N/A,No,0.00,0.00,+0.00
2025-11-07 09:30:53,20251107092952978,0.00,N/A,No,0.00,0.00,+0.00
2025-11-07 09:31:57,20251107093053193,0.00,N/A,No,0.00,0.00,+0.00
2025-11-07 10:42:28,20251107093158125,0.00,N/A,No,0.00,0.00,+0.00
2025-11-07 10:49:52,20251107104228334,0.00,N/A,No,0.00,0.00,+0.00
2025-11-07 10:50:52,20251107104952638,0.00,N/A,No,0.00,0.00,+0.00
2025-11-07 10:51:53,20251107105052924,0.00,N/A,No,0.00,0.00,+0.00
2025-11-07 10:52:53,20251107105153499,0.00,N/A,No,0.00,0.00,+0.00
2025-11-07 10:53:54,20251107105253847,0.00,N/A,No,0.00,0.00,+0.00
2025-11-07 10:54:54,20251107105354489,0.00,N/A,No,0.00,0.00,+0.00
2025-11-07 10:55:55,20251107105454649,0.00,N/A,No,0.00,0.00,+0.00
2025-11-07 10:56:55,20251107105555191,0.00,N/A,No,0.00,0.00,+0.00
2025-11-07 10:57:56,20251107105655802,0.00,N/A,No,0.00,0.00,+0.00
2025-11-07 10:58:56,20251107105756246,0.00,N/A,No,0.00,0.00,+0.00
2025-11-07 10:59:56,20251107105856398,0.00,N/A,No,0.00,0.00,+0.00
2025-11-07 11:00:57,20251107105956890,0.00,N/A,No,0.00,0.00,+0.00
2025-11-07 11:01:57,20251107110057119,0.00,N/A,No,0.00,0.00,+0.00
2025-11-07 11:02:57,20251107110157356,0.00,N/A,No,0.00,0.00,+0.00
2025-11-07 11:03:58,20251107110258085,0.00,N/A,No,0.00,0.00,+0.00
2025-11-07 11:04:58,20251107110358131,0.00,N/A,No,0.00,0.00,+0.00
2025-11-07 11:05:58,20251107110458719,0.00,N/A,No,0.00,0.00,+0.00
2025-11-07 11:06:59,20251107110558961,0.00,N/A,No,0.00,0.00,+0.00
2025-11-07 11:07:59,20251107110659186,0.00,N/A,No,0.00,0.00,+0.00
2025-11-07 11:08:59,20251107110759295,0.00,N/A,No,0.00,0.00,+0.00
2025-11-07 11:09:59,20251107110859715,0.00,N/A,No,0.00,0.00,+0.00
2025-11-07 11:11:00,20251107110959911,0.00,N/A,No,0.00,0.00,+0.00
2025-11-07 11:12:00,20251107111100188,0.00,N/A,No,0.00,0.00,+0.00
2025-11-07 11:13:01,20251107111200640,0.00,N/A,No,0.00,0.00,+0.00
2025-11-07 11:14:01,20251107111301248,0.00,N/A,No,0.00,0.00,+0.00
2025-11-07 11:15:01,20251107111401325,0.00,N/A,No,0.00,0.00,+0.00
2025-11-07 11:16:01,20251107111501404,0.00,N/A,No,0.00,0.00,+0.00
2025-11-07 11:17:02,20251107111601912,0.00,N/A,No,0.00,0.00,+0.00
2025-11-07 11:18:02,20251107111702068,0.00,N/A,No,0.00,0.00,+0.00
2025-11-07 11:19:02,20251107111802220,0.00,N/A,No,0.00,0.00,+0.00
2025-11-07 11:20:02,20251107111902553,0.00,N/A,No,0.00,0.00,+0.00
2025-11-07 11:21:02,20251107112002934,0.00,N/A,No,0.00,0.00,+0.00
2025-11-07 11:22:03,20251107112102950,0.00,N/A,No,0.00,0.00,+0.00
2025-11-07 11:23:03,20251107112203371,0.00,N/A,No,0.00,0.00,+0.00
2025-11-07 11:24:04,20251107112303817,0.00,N/A,No,0.00,0.00,+0.00
2025-11-07 11:25:04,20251107112404339,0.00,N/A,No,0.00,0.00,+0.00
2025-11-07 11:26:05,20251107112504704,0.00,N/A,No,0.00,0.00,+0.00
2025-11-07 11:27:05,20251107112605263,0.00,N/A,No,0.00,0.00,+0.00
2025-11-07 11:28:05,20251107112705579,0.00,N/A,No,0.00,0.00,+0.00
2025-11-07 11:29:05,20251107112805698,0.00,N/A,No,0.00,0.00,+0.00
2025-11-07 11:30:06,20251107112905794,0.00,N/A,No,0.00,0.00,+0.00
2025-11-07 11:31:06,20251107113006278,0.00,N/A,No,0.00,0.00,+0.00
2025-11-07 11:32:06,20251107113106332,0.00,N/A,No,0.00,0.00,+0.00
2025-11-07 11:33:06,20251107113206751,0.00,N/A,No,0.00,0.00,+0.00
2025-11-07 11:34:06,20251107113306800,0.00,N/A,No,0.00,0.00,+0.00
2025-11-07 11:35:07,20251107113406939,0.00,N/A,No,0.00,0.00,+0.00
2025-11-07 11:36:07,20251107113507087,0.00,N/A,No,0.00,0.00,+0.00
2025-11-07 11:37:07,20251107113607403,0.00,N/A,No,0.00,0.00,+0.00
2025-11-07 11:38:08,20251107113707808,0.00,N/A,No,0.00,0.00,+0.00
2025-11-07 11:39:08,20251107113808320,0.00,N/A,No,0.00,0.00,+0.00
2025-11-07 11:40:08,20251107113908589,0.00,N/A,No,0.00,0.00,+0.00
2025-11-07 11:41:08,20251107114008866,0.00,N/A,No,0.00,0.00,+0.00
2025-11-07 11:42:09,20251107114108975,0.00,N/A,No,0.00,0.00,+0.00
2025-11-07 11:43:09,20251107114209134,0.00,N/A,No,0.00,0.00,+0.00
2025-11-07 11:44:09,20251107114309356,0.00,N/A,No,0.00,0.00,+0.00
2025-11-07 11:45:10,20251107114409773,0.00,N/A,No,0.00,0.00,+0.00
2025-11-07 11:46:10,20251107114510181,0.00,N/A,No,0.00,0.00,+0.00
2025-11-07 11:47:11,20251107114610590,0.00,N/A,No,0.00,0.00,+0.00
2025-11-07 11:48:11,20251107114711058,0.00,N/A,No,0.00,0.00,+0.00
2025-11-07 11:49:11,20251107114811355,0.00,N/A,No,0.00,0.00,+0.00
2025-11-07 11:50:12,20251107114911596,0.00,N/A,No,0.00,0.00,+0.00
2025-11-07 11:51:12,20251107115012023,0.00,N/A,No,0.00,0.00,+0.00
2025-11-07 11:52:12,20251107115112159,0.00,N/A,No,0.00,0.00,+0.00
2025-11-07 11:53:12,20251107115212347,0.00,N/A,No,0.00,0.00,+0.00
2025-11-07 11:54:13,20251107115312997,0.00,N/A,No,0.00,0.00,+0.00
2025-11-07 11:55:13,20251107115413353,0.00,N/A,No,0.00,0.00,+0.00
2025-11-07 11:56:13,20251107115513718,0.00,N/A,No,0.00,0.00,+0.00
2025-11-07 11:57:14,20251107115613836,0.00,N/A,No,0.00,0.00,+0.00
2025-11-07 11:58:14,20251107115714060,0.00,N/A,No,0.00,0.00,+0.00
2025-11-07 11:59:14,20251107115814519,0.00,N/A,No,0.00,0.00,+0.00
2025-11-07 12:00:15,20251107115914954,0.00,N/A,No,0.00,0.00,+0.00
2025-11-07 12:01:15,20251107120015327,0.00,N/A,No,0.00,0.00,+0.00
2025-11-07 12:02:15,20251107120115347,0.00,N/A,No,0.00,0.00,+0.00
2025-11-07 12:03:15,20251107120215426,0.00,N/A,No,0.00,0.00,+0.00
2025-11-07 12:04:15,20251107120315485,0.00,N/A,No,0.00,0.00,+0.00
2025-11-07 12:05:16,20251107120415679,0.00,N/A,No,0.00,0.00,+0.00
2025-11-07 12:06:16,20251107120516203,0.00,N/A,No,0.00,0.00,+0.00
2025-11-07 12:07:16,20251107120616262,0.00,N/A,No,0.00,0.00,+0.00
2025-11-07 12:08:16,20251107120716283,0.00,N/A,No,0.00,0.00,+0.00
2025-11-07 12:09:16,20251107120816716,0.00,N/A,No,0.00,0.00,+0.00
2025-11-07 12:10:17,20251107120916875,0.00,N/A,No,0.00,0.00,+0.00
2025-11-07 12:11:17,20251107121017104,0.00,N/A,No,0.00,0.00,+0.00
2025-11-07 12:12:18,20251107121117620,0.00,N/A,No,0.00,0.00,+0.00
2025-11-07 12:13:18,20251107121218066,0.00,N/A,No,0.00,0.00,+0.00
2025-11-07 12:14:18,20251107121318156,0.00,N/A,No,0.00,0.00,+0.00
2025-11-07 12:15:18,20251107121418506,0.00,N/A,No,0.00,0.00,+0.00
2025-11-07 12:16:19,20251107121518914,0.00,N/A,No,0.00,0.00,+0.00
2025-11-07 12:17:19,20251107121619441,0.00,N/A,No,0.00,0.00,+0.00
2025-11-07 12:18:20,20251107121719772,0.00,N/A,No,0.00,0.00,+0.00
2025-11-07 12:19:20,20251107121820345,0.00,N/A,No,0.00,0.00,+0.00
2025-11-07 12:20:21,20251107121920905,0.00,N/A,No,0.00,0.00,+0.00
2025-11-07 12:21:21,20251107122021197,0.00,N/A,No,0.00,0.00,+0.00
2025-11-07 12:22:21,20251107122121671,0.00,N/A,No,0.00,0.00,+0.00
2025-11-07 12:23:22,20251107122221973,0.00,N/A,No,0.00,0.00,+0.00
2025-11-07 12:24:22,20251107122322124,0.00,N/A,No,0.00,0.00,+0.00
2025-11-07 12:25:22,20251107122422561,0.00,N/A,No,0.00,0.00,+0.00
2025-11-07 12:26:22,20251107122522642,0.00,N/A,No,0.00,0.00,+0.00
2025-11-07 12:27:23,20251107122622970,0.00,N/A,No,0.00,0.00,+0.00
2025-11-07 12:28:23,20251107122723500,0.00,N/A,No,0.00,0.00,+0.00
2025-11-07 12:29:23,20251107122823615,0.00,N/A,No,0.00,0.00,+0.00
2025-11-07 12:30:23,20251107122923917,0.00,N/A,No,0.00,0.00,+0.00
2025-11-07 12:31:24,20251107123023996,0.00,N/A,No,0.00,0.00,+0.00
2025-11-07 12:32:24,20251107123124354,0.00,N/A,No,0.00,0.00,+0.00
2025-11-07 12:33:25,20251107123224946,0.00,N/A,No,0.00,0.00,+0.00
2025-11-07 12:34:25,20251107123325359,0.00,N/A,No,0.00,0.00,+0.00
2025-11-07 12:35:25,20251107123425723,0.00,N/A,No,0.00,0.00,+0.00
2025-11-07 12:36:26,20251107123525973,0.00,N/A,No,0.00,0.00,+0.00
2025-11-07 12:37:26,20251107123626349,0.00,N/A,No,0.00,0.00,+0.00
2025-11-07 12:38:26,20251107123726805,0.00,N/A,No,0.00,0.00,+0.00
2025-11-07 12:39:27,20251107123826891,0.00,N/A,No,0.00,0.00,+0.00
2025-11-07 12:40:27,20251107123927045,0.00,N/A,No,0.00,0.00,+0.00
2025-11-07 12:41:28,20251107124027609,0.00,N/A,No,0.00,0.00,+0.00
2025-11-07 12:42:28,20251107124128013,0.00,N/A,No,0.00,0.00,+0.00
2025-11-07 12:43:28,20251107124228543,0.00,N/A,No,0.00,0.00,+0.00
2025-11-07 12:44:28,20251107124328967,0.00,N/A,No,0.00,0.00,+0.00
2025-11-07 12:45:29,20251107124429009,0.00,N/A,No,0.00,0.00,+0.00
2025-11-07 12:46:29,20251107124529117,0.00,N/A,No,0.00,0.00,+0.00
2025-11-07 12:47:29,20251107124629294,0.00,N/A,No,0.00,0.00,+0.00
2025-11-07 12:48:29,20251107124729385,0.00,N/A,No,0.00,0.00,+0.00
2025-11-07 12:49:29,20251107124829575,0.00,N/A,No,0.00,0.00,+0.00
2025-11-07 12:50:30,20251107124929994,0.00,N/A,No,0.00,0.00,+0.00
2025-11-07 12:51:30,20251107125030350,0.00,N/A,No,0.00,0.00,+0.00
2025-11-07 12:52:30,20251107125130593,0.00,N/A,No,0.00,0.00,+0.00
2025-11-07 12:53:31,20251107125230960,0.00,N/A,No,0.00,0.00,+0.00
2025-11-07 12:54:31,20251107125331335,0.00,N/A,No,0.00,0.00,+0.00
2025-11-07 12:55:31,20251107125431539,0.00,N/A,No,0.00,0.00,+0.00
2025-11-07 12:56:32,20251107125531807,0.00,N/A,No,0.00,0.00,+0.00
2025-11-07 12:57:32,20251107125632289,0.00,N/A,No,0.00,0.00,+0.00
2025-11-07 12:58:32,20251107125732666,0.00,N/A,No,0.00,0.00,+0.00
2025-11-07 12:59:33,20251107125832855,0.00,N/A,No,0.00,0.00,+0.00
2025-11-07 13:00:33,20251107125933378,0.00,N/A,No,0.00,0.00,+0.00
2025-11-07 13:01:34,20251107130033698,0.00,N/A,No,0.00,0.00,+0.00
2025-11-07 13:02:34,20251107130134068,0.00,N/A,No,0.00,0.00,+0.00
2025-11-07 13:03:34,20251107130234442,0.00,N/A,No,0.00,0.00,+0.00
2025-11-07 13:04:35,20251107130334882,0.00,N/A,No,0.00,0.00,+0.00
2025-11-07 13:05:35,20251107130435137,0.00,N/A,No,0.00,0.00,+0.00
2025-11-07 13:06:36,20251107130535617,0.00,N/A,No,0.00,0.00,+0.00
2025-11-07 13:07:37,20251107130636395,0.00,N/A,No,0.00,0.00,+0.00
2025-11-07 13:08:38,20251107130737213,0.00,N/A,No,0.00,0.00,+0.00
2025-11-07 13:09:38,20251107130838626,0.00,N/A,No,0.00,0.00,+0.00
2025-11-07 13:10:39,20251107130938854,0.00,N/A,No,0.00,0.00,+0.00
2025-11-07 13:11:39,20251107131039167,0.00,N/A,No,0.00,0.00,+0.00
2025-11-07 13:12:39,20251107131139534,0.00,N/A,No,0.00,0.00,+0.00
2025-11-07 13:13:39,20251107131239762,0.00,N/A,No,0.00,0.00,+0.00
2025-11-07 13:14:40,20251107131340080,0.00,N/A,No,0.00,0.00,+0.00
2025-11-07 13:15:40,20251107131440174,0.00,N/A,No,0.00,0.00,+0.00
2025-11-07 13:16:41,20251107131540258,0.00,N/A,No,0.00,0.00,+0.00
2025-11-07 13:17:41,20251107131641055,0.00,N/A,No,0.00,0.00,+0.00
2025-11-07 13:18:41,20251107131741333,0.00,N/A,No,0.00,0.00,+0.00
2025-11-07 13:19:42,20251107131841471,0.00,N/A,No,0.00,0.00,+0.00
2025-11-07 13:20:44,20251107131942063,0.00,N/A,No,0.00,0.00,+0.00
2025-11-07 13:21:45,20251107132045501,0.00,N/A,No,0.00,0.00,+0.00
2025-11-07 13:22:46,20251107132145870,0.00,N/A,No,0.00,0.00,+0.00
2025-11-07 13:23:48,20251107132246069,0.00,N/A,No,0.00,0.00,+0.00
2025-11-07 13:24:49,20251107132348938,0.00,N/A,No,0.00,0.00,+0.00
2025-11-07 13:25:49,20251107132449053,0.00,N/A,No,0.00,0.00,+0.00
2025-11-07 13:26:51,20251107132549761,0.00,N/A,No,0.00,0.00,+0.00
2025-11-07 13:27:52,20251107132651373,0.00,N/A,No,0.00,0.00,+0.00
2025-11-07 13:28:52,20251107132752341,0.00,N/A,No,0.00,0.00,+0.00
2025-11-07 13:29:54,20251107132852772,0.00,N/A,No,0.00,0.00,+0.00
2025-11-07 13:30:59,20251107132955784,0.00,N/A,No,0.00,0.00,+0.00
2025-11-07 13:32:01,20251107133059125,0.00,N/A,No,0.00,0.00,+0.00
2025-11-07 13:33:08,20251107133201647,0.00,N/A,No,0.00,0.00,+0.00
2025-11-07 13:34:09,20251107133308953,0.00,N/A,No,0.00,0.00,+0.00
2025-11-07 13:35:12,20251107133409838,0.00,N/A,No,0.00,0.00,+0.00
2025-11-07 13:36:12,20251107133512320,0.00,N/A,No,0.00,0.00,+0.00
2025-11-07 13:37:13,20251107133612827,0.00,N/A,No,0.00,0.00,+0.00
2025-11-07 13:38:16,20251107133716025,0.00,N/A,No,0.00,0.00,+0.00
2025-11-07 13:39:18,20251107133816743,0.00,N/A,No,0.00,0.00,+0.00
2025-11-07 13:40:18,20251107133918817,0.00,N/A,No,0.00,0.00,+0.00
2025-11-07 13:41:19,20251107134018939,0.00,N/A,No,0.00,0.00,+0.00
2025-11-07 13:42:19,20251107134119469,0.00,N/A,No,0.00,0.00,+0.00
2025-11-07 13:43:20,20251107134219893,0.00,N/A,No,0.00,0.00,+0.00
2025-11-07 13:44:20,20251107134320206,0.00,N/A,No,0.00,0.00,+0.00
2025-11-07 13:45:20,20251107134420425,0.00,N/A,No,0.00,0.00,+0.00
2025-11-07 13:46:20,20251107134520546,0.00,N/A,No,0.00,0.00,+0.00
2025-11-07 13:47:21,20251107134620821,0.00,N/A,No,0.00,0.00,+0.00
2025-11-07 13:48:21,20251107134721934,0.00,N/A,No,0.00,0.00,+0.00
2025-11-07 13:49:22,20251107134821974,0.00,N/A,No,0.00,0.00,+0.00
2025-11-07 13:50:22,20251107134922459,0.00,N/A,No,0.00,0.00,+0.00
2025-11-07 13:51:23,20251107135022668,0.00,N/A,No,0.00,0.00,+0.00
2025-11-07 13:52:23,20251107135123354,0.00,N/A,No,0.00,0.00,+0.00
2025-11-07 13:53:23,20251107135223568,0.00,N/A,No,0.00,0.00,+0.00
2025-11-07 13:54:24,20251107135323948,0.00,N/A,No,0.00,0.00,+0.00
2025-11-07 13:55:24,20251107135424213,0.00,N/A,No,0.00,0.00,+0.00
2025-11-07 13:56:25,20251107135524831,0.00,N/A,No,0.00,0.00,+0.00
2025-11-07 13:57:25,20251107135625521,0.00,N/A,No,0.00,0.00,+0.00
2025-11-07 13:58:26,20251107135725766,0.00,N/A,No,0.00,0.00,+0.00
2025-11-07 13:59:26,20251107135826327,0.00,N/A,No,0.00,0.00,+0.00
2025-11-07 14:00:27,20251107135926786,0.00,N/A,No,0.00,0.00,+0.00
2025-11-07 14:01:27,20251107140027622,0.00,N/A,No,0.00,0.00,+0.00
2025-11-07 14:02:27,20251107140127925,0.00,N/A,No,0.00,0.00,+0.00
2025-11-07 14:03:28,20251107140227990,0.00,N/A,No,0.00,0.00,+0.00
2025-11-07 14:04:29,20251107140329165,0.00,N/A,No,0.00,0.00,+0.00
2025-11-07 14:05:29,20251107140429310,0.00,N/A,No,0.00,0.00,+0.00
2025-11-07 14:06:30,20251107140529823,0.00,N/A,No,0.00,0.00,+0.00
2025-11-07 14:07:31,20251107140630664,0.00,N/A,No,0.00,0.00,+0.00
2025-11-07 14:08:31,20251107140731264,0.00,N/A,No,0.00,0.00,+0.00
2025-11-07 14:09:31,20251107140831661,0.00,N/A,No,0.00,0.00,+0.00
2025-11-07 14:10:32,20251107140931859,0.00,N/A,No,0.00,0.00,+0.00
2025-11-07 14:11:32,20251107141032215,0.00,N/A,No,0.00,0.00,+0.00
2025-11-07 14:12:33,20251107141132923,0.00,N/A,No,0.00,0.00,+0.00
2025-11-07 14:13:33,20251107141233598,0.00,N/A,No,0.00,0.00,+0.00
2025-11-07 14:14:34,20251107141333689,0.00,N/A,No,0.00,0.00,+0.00
2025-11-07 14:15:34,20251107141434020,0.00,N/A,No,0.00,0.00,+0.00
2025-11-07 14:16:34,20251107141534108,0.00,N/A,No,0.00,0.00,+0.00
2025-11-07 14:17:34,20251107141634715,0.00,N/A,No,0.00,0.00,+0.00
2025-11-07 14:18:35,20251107141734843,0.00,N/A,No,0.00,0.00,+0.00
2025-11-07 14:19:35,20251107141835280,0.00,N/A,No,0.00,0.00,+0.00
2025-11-07 14:20:35,20251107141935536,0.00,N/A,No,0.00,0.00,+0.00
2025-11-07 14:21:39,20251107142035871,0.00,N/A,No,0.00,0.00,+0.00
2025-11-07 14:22:39,20251107142139482,0.00,N/A,No,0.00,0.00,+0.00
2025-11-07 14:23:40,20251107142239929,0.00,N/A,No,0.00,0.00,+0.00
2025-11-07 14:24:40,20251107142340058,0.00,N/A,No,0.00,0.00,+0.00
2025-11-07 14:25:40,20251107142440552,0.00,N/A,No,0.00,0.00,+0.00
2025-11-07 14:26:40,20251107142540576,0.00,N/A,No,0.00,0.00,+0.00
2025-11-07 14:27:41,20251107142640690,0.00,N/A,No,0.00,0.00,+0.00
2025-11-07 14:28:41,20251107142741147,0.00,N/A,No,0.00,0.00,+0.00
2025-11-07 14:29:41,20251107142841327,0.00,N/A,No,0.00,0.00,+0.00
2025-11-07 14:30:41,20251107142941678,0.00,N/A,No,0.00,0.00,+0.00
2025-11-07 14:31:42,20251107143041915,0.00,N/A,No,0.00,0.00,+0.00
2025-11-07 14:32:42,20251107143142268,0.00,N/A,No,0.00,0.00,+0.00
2025-11-07 14:33:42,20251107143242368,0.00,N/A,No,0.00,0.00,+0.00
2025-11-07 14:34:42,20251107143342710,0.00,N/A,No,0.00,0.00,+0.00
2025-11-07 14:35:43,20251107143442898,0.00,N/A,No,0.00,0.00,+0.00
2025-11-07 14:36:43,20251107143543527,0.00,N/A,No,0.00,0.00,+0.00
2025-11-07 14:37:43,20251107143643628,0.00,N/A,No,0.00,0.00,+0.00
2025-11-07 14:38:44,20251107143743859,0.00,N/A,No,0.00,0.00,+0.00
2025-11-07 14:39:44,20251107143844056,0.00,N/A,No,0.00,0.00,+0.00
2025-11-07 14:40:44,20251107143944560,0.00,N/A,No,0.00,0.00,+0.00
2025-11-07 14:41:44,20251107144044617,0.00,N/A,No,0.00,0.00,+0.00
2025-11-07 14:42:44,20251107144144714,0.00,N/A,No,0.00,0.00,+0.00
2025-11-07 14:43:45,20251107144244953,0.00,N/A,No,0.00,0.00,+0.00
2025-11-07 14:44:46,20251107144345755,0.00,N/A,No,0.00,0.00,+0.00
2025-11-07 14:45:47,20251107144446798,0.00,N/A,No,0.00,0.00,+0.00
2025-11-07 14:46:56,20251107144547737,0.00,N/A,No,0.00,0.00,+0.00
2025-11-07 14:47:56,20251107144656447,0.00,N/A,No,0.00,0.00,+0.00
2025-11-07 14:48:56,20251107144756663,0.00,N/A,No,0.00,0.00,+0.00
2025-11-07 14:49:57,20251107144856923,0.00,N/A,No,0.00,0.00,+0.00
2025-11-07 14:50:58,20251107144957635,0.00,N/A,No,0.00,0.00,+0.00
2025-11-07 14:51:58,20251107145058130,0.00,N/A,No,0.00,0.00,+0.00
2025-11-07 14:52:59,20251107145158601,0.00,N/A,No,0.00,0.00,+0.00
2025-11-07 14:54:00,20251107145259426,0.00,N/A,No,0.00,0.00,+0.00
2025-11-07 14:55:01,20251107145400581,0.00,N/A,No,0.00,0.00,+0.00
2025-11-07 14:56:02,20251107145501547,0.00,N/A,No,0.00,0.00,+0.00
2025-11-07 14:57:09,20251107145602788,0.00,N/A,No,0.00,0.00,+0.00
2025-11-07 14:58:10,20251107145709100,0.00,N/A,No,0.00,0.00,+0.00
2025-11-07 14:59:16,20251107145810273,0.00,N/A,No,0.00,0.00,+0.00
2025-11-07 15:00:29,20251107145916657,0.00,N/A,No,0.00,0.00,+0.00
2025-11-07 15:01:33,20251107150029802,0.00,N/A,No,0.00,0.00,+0.00
2025-11-07 15:02:33,20251107150133892,0.00,N/A,No,0.00,0.00,+0.00
2025-11-07 15:03:34,20251107150233920,0.00,N/A,No,0.00,0.00,+0.00
2025-11-07 15:04:34,20251107150334252,0.00,N/A,No,0.00,0.00,+0.00
2025-11-07 15:05:34,20251107150434477,0.00,N/A,No,0.00,0.00,+0.00
2025-11-07 15:06:34,20251107150534562,0.00,N/A,No,0.00,0.00,+0.00
2025-11-07 15:07:34,20251107150634643,0.00,N/A,No,0.00,0.00,+0.00
2025-11-07 15:08:35,20251107150734948,0.00,N/A,No,0.00,0.00,+0.00
2025-11-07 15:09:35,20251107150835435,0.00,N/A,No,0.00,0.00,+0.00
2025-11-07 15:10:36,20251107150935782,0.00,N/A,No,0.00,0.00,+0.00
2025-11-07 15:11:36,20251107151036166,0.00,N/A,No,0.00,0.00,+0.00
2025-11-07 15:12:36,20251107151136366,0.00,N/A,No,0.00,0.00,+0.00
2025-11-07 15:13:36,20251107151236712,0.00,N/A,No,0.00,0.00,+0.00
2025-11-07 15:14:37,20251107151336784,0.00,N/A,No,0.00,0.00,+0.00
2025-11-07 15:15:37,20251107151437159,0.00,N/A,No,0.00,0.00,+0.00
2025-11-07 15:16:37,20251107151537541,0.00,N/A,No,0.00,0.00,+0.00
2025-11-07 15:17:37,20251107151637803,0.00,N/A,No,0.00,0.00,+0.00
2025-11-07 15:18:38,20251107151737850,0.00,N/A,No,0.00,0.00,+0.00
2025-11-07 15:19:38,20251107151838082,0.00,N/A,No,0.00,0.00,+0.00
2025-11-07 15:20:38,20251107151938160,0.00,N/A,No,0.00,0.00,+0.00
2025-11-07 15:21:38,20251107152038217,0.00,N/A,No,0.00,0.00,+0.00
2025-11-07 15:22:38,20251107152138437,0.00,N/A,No,0.00,0.00,+0.00
2025-11-07 15:23:38,20251107152238487,0.00,N/A,No,0.00,0.00,+0.00
2025-11-07 15:24:38,20251107152338677,0.00,N/A,No,0.00,0.00,+0.00
2025-11-07 15:25:38,20251107152438702,0.00,N/A,No,0.00,0.00,+0.00
2025-11-07 15:26:39,20251107152538749,0.00,N/A,No,0.00,0.00,+0.00
2025-11-07 15:27:39,20251107152639049,0.00,N/A,No,0.00,0.00,+0.00
2025-11-07 15:28:39,20251107152739445,0.00,N/A,No,0.00,0.00,+0.00
2025-11-07 15:29:39,20251107152839745,0.00,N/A,No,0.00,0.00,+0.00
2025-11-07 15:30:40,20251107152939835,0.00,N/A,No,0.00,0.00,+0.00
2025-11-07 15:31:40,20251107153040173,0.00,N/A,No,0.00,0.00,+0.00
2025-11-07 15:32:40,20251107153140453,0.00,N/A,No,0.00,0.00,+0.00
2025-11-07 15:33:40,20251107153240562,0.00,N/A,No,0.00,0.00,+0.00
2025-11-07 15:34:41,20251107153340718,0.00,N/A,No,0.00,0.00,+0.00
2025-11-07 15:35:41,20251107153441024,0.00,N/A,No,0.00,0.00,+0.00
2025-11-07 15:36:41,20251107153541088,0.00,N/A,No,0.00,0.00,+0.00
2025-11-07 15:37:41,20251107153641112,0.00,N/A,No,0.00,0.00,+0.00
2025-11-07 15:38:41,20251107153741463,0.00,N/A,No,0.00,0.00,+0.00
2025-11-07 15:39:41,20251107153841703,0.00,N/A,No,0.00,0.00,+0.00
2025-11-07 15:40:42,20251107153941988,0.00,N/A,No,0.00,0.00,+0.00
2025-11-07 15:41:42,20251107154042358,0.00,N/A,No,0.00,0.00,+0.00
2025-11-07 15:42:42,20251107154142565,0.00,N/A,No,0.00,0.00,+0.00
2025-11-07 15:43:43,20251107154242758,0.00,N/A,No,0.00,0.00,+0.00
2025-11-07 15:44:43,20251107154343133,0.00,N/A,No,0.00,0.00,+0.00
2025-11-07 15:45:43,20251107154443481,0.00,N/A,No,0.00,0.00,+0.00
2025-11-07 15:46:43,20251107154543687,0.00,N/A,No,0.00,0.00,+0.00
2025-11-07 15:47:44,20251107154643964,0.00,N/A,No,0.00,0.00,+0.00
2025-11-07 15:48:44,20251107154744057,0.00,N/A,No,0.00,0.00,+0.00
2025-11-07 15:49:44,20251107154844101,0.00,N/A,No,0.00,0.00,+0.00
2025-11-07 15:50:44,20251107154944127,0.00,N/A,No,0.00,0.00,+0.00
2025-11-07 15:51:44,20251107155044138,0.00,N/A,No,0.00,0.00,+0.00
2025-11-07 15:52:44,20251107155144297,0.00,N/A,No,0.00,0.00,+0.00
2025-11-07 15:53:44,20251107155244503,0.00,N/A,No,0.00,0.00,+0.00
2025-11-07 15:54:45,20251107155344869,0.00,N/A,No,0.00,0.00,+0.00
2025-11-07 15:55:45,20251107155445077,0.00,N/A,No,0.00,0.00,+0.00
2025-11-07 15:56:45,20251107155545382,0.00,N/A,No,0.00,0.00,+0.00
2025-11-07 15:57:45,20251107155645486,0.00,N/A,No,0.00,0.00,+0.00
2025-11-07 15:58:45,20251107155745628,0.00,N/A,No,0.00,0.00,+0.00
2025-11-07 15:59:45,20251107155845702,0.00,N/A,No,0.00,0.00,+0.00
2025-11-07 16:00:46,20251107155945936,0.00,N/A,No,0.00,0.00,+0.00
2025-11-07 16:01:46,20251107160046105,0.00,N/A,No,0.00,0.00,+0.00
2025-11-07 16:02:46,20251107160146417,0.00,N/A,No,0.00,0.00,+0.00
2025-11-07 16:03:46,20251107160246619,0.00,N/A,No,0.00,0.00,+0.00
2025-11-07 16:04:47,20251107160346965,0.00,N/A,No,0.00,0.00,+0.00
2025-11-07 16:05:47,20251107160447222,0.00,N/A,No,0.00,0.00,+0.00
2025-11-07 16:06:47,20251107160547271,0.00,N/A,No,0.00,0.00,+0.00
2025-11-07 16:07:47,20251107160647459,0.00,N/A,No,0.00,0.00,+0.00
2025-11-07 16:08:47,20251107160747673,0.00,N/A,No,0.00,0.00,+0.00
2025-11-07 16:09:47,20251107160847850,0.00,N/A,No,0.00,0.00,+0.00
2025-11-07 16:10:48,20251107160948008,0.00,N/A,No,0.00,0.00,+0.00
2025-11-07 16:11:48,20251107161048302,0.00,N/A,No,0.00,0.00,+0.00
2025-11-07 16:12:48,20251107161148637,0.00,N/A,No,0.00,0.00,+0.00
2025-11-07 16:13:49,20251107161248875,0.00,N/A,No,0.00,0.00,+0.00
2025-11-07 16:14:49,20251107161349174,0.00,N/A,No,0.00,0.00,+0.00
2025-11-07 16:15:49,20251107161449513,0.00,N/A,No,0.00,0.00,+0.00
2025-11-07 16:16:49,20251107161549718,0.00,N/A,No,0.00,0.00,+0.00
2025-11-07 16:17:50,20251107161649829,0.00,N/A,No,0.00,0.00,+0.00
2025-11-07 16:18:50,20251107161750022,0.00,N/A,No,0.00,0.00,+0.00
2025-11-07 16:19:50,20251107161850333,0.00,N/A,No,0.00,0.00,+0.00
2025-11-07 16:20:50,20251107161950483,0.00,N/A,No,0.00,0.00,+0.00
2025-11-07 16:21:50,20251107162050637,0.00,N/A,No,0.00,0.00,+0.00
2025-11-07 16:22:51,20251107162151029,0.00,N/A,No,0.00,0.00,+0.00
2025-11-07 16:23:51,20251107162251426,0.00,N/A,No,0.00,0.00,+0.00
2025-11-07 16:24:51,20251107162351551,0.00,N/A,No,0.00,0.00,+0.00
2025-11-07 16:25:52,20251107162451639,0.00,N/A,No,0.00,0.00,+0.00
2025-11-07 16:26:52,20251107162552047,0.00,N/A,No,0.00,0.00,+0.00
2025-11-07 16:27:52,20251107162652511,0.00,N/A,No,0.00,0.00,+0.00
2025-11-07 16:28:52,20251107162752677,0.00,N/A,No,0.00,0.00,+0.00
2025-11-07 16:29:53,20251107162852973,0.00,N/A,No,0.00,0.00,+0.00
2025-11-07 16:30:53,20251107162953590,0.00,N/A,No,0.00,0.00,+0.00
2025-11-07 16:31:54,20251107163053630,0.00,N/A,No,0.00,0.00,+0.00
2025-11-07 16:32:54,20251107163154064,0.00,N/A,No,0.00,0.00,+0.00
2025-11-07 16:33:54,20251107163254426,0.00,N/A,No,0.00,0.00,+0.00
2025-11-07 16:34:55,20251107163354577,0.00,N/A,No,0.00,0.00,+0.00
2025-11-07 16:35:55,20251107163455185,0.00,N/A,No,0.00,0.00,+0.00
2025-11-07 16:36:56,20251107163555728,0.00,N/A,No,0.00,0.00,+0.00
2025-11-07 16:37:56,20251107163656287,0.00,N/A,No,0.00,0.00,+0.00
2025-11-07 16:38:57,20251107163756854,0.00,N/A,No,0.00,0.00,+0.00
2025-11-07 16:39:57,20251107163857389,0.00,N/A,No,0.00,0.00,+0.00
2025-11-07 16:40:57,20251107163957614,0.00,N/A,No,0.00,0.00,+0.00
2025-11-07 16:41:58,20251107164057933,0.00,N/A,No,0.00,0.00,+0.00
2025-11-07 16:42:58,20251107164158202,0.00,N/A,No,0.00,0.00,+0.00
2025-11-07 16:43:58,20251107164258579,0.00,N/A,No,0.00,0.00,+0.00
2025-11-07 16:44:58,20251107164358630,0.00,N/A,No,0.00,0.00,+0.00
2025-11-07 16:45:58,20251107164458748,0.00,N/A,No,0.00,0.00,+0.00
2025-11-07 16:46:58,20251107164558848,0.00,N/A,No,0.00,0.00,+0.00
2025-11-07 16:47:59,20251107164658857,0.00,N/A,No,0.00,0.00,+0.00
2025-11-07 16:48:59,20251107164759244,0.00,N/A,No,0.00,0.00,+0.00
2025-11-07 16:49:59,20251107164859606,0.00,N/A,No,0.00,0.00,+0.00
2025-11-07 16:50:59,20251107164959717,0.00,N/A,No,0.00,0.00,+0.00
2025-11-07 16:52:00,20251107165059819,0.00,N/A,No,0.00,0.00,+0.00
2025-11-07 16:53:00,20251107165200147,0.00,N/A,No,0.00,0.00,+0.00
2025-11-07 16:54:00,20251107165300307,0.00,N/A,No,0.00,0.00,+0.00
2025-11-07 16:55:00,20251107165400522,0.00,N/A,No,0.00,0.00,+0.00
2025-11-07 16:56:00,20251107165500570,0.00,N/A,No,0.00,0.00,+0.00
2025-11-07 16:57:00,20251107165600704,0.00,N/A,No,0.00,0.00,+0.00
2025-11-07 16:58:01,20251107165700881,0.00,N/A,No,0.00,0.00,+0.00
2025-11-07 16:59:01,20251107165801114,0.00,N/A,No,0.00,0.00,+0.00
2025-11-07 17:00:01,20251107165901400,0.00,N/A,No,0.00,0.00,+0.00
2025-11-07 17:01:01,20251107170001580,0.00,N/A,No,0.00,0.00,+0.00
2025-11-07 17:02:01,20251107170101691,0.00,N/A,No,0.00,0.00,+0.00
2025-11-07 17:03:01,20251107170201743,0.00,N/A,No,0.00,0.00,+0.00
2025-11-07 17:04:02,20251107170301993,0.00,N/A,No,0.00,0.00,+0.00
2025-11-07 17:05:02,20251107170402108,0.00,N/A,No,0.00,0.00,+0.00
2025-11-07 17:06:02,20251107170502300,0.00,N/A,No,0.00,0.00,+0.00
2025-11-07 17:07:02,20251107170602524,0.00,N/A,No,0.00,0.00,+0.00
2025-11-07 17:08:02,20251107170702811,0.00,N/A,No,0.00,0.00,+0.00
2025-11-07 17:09:03,20251107170802974,0.00,N/A,No,0.00,0.00,+0.00
2025-11-07 17:10:03,20251107170903162,0.00,N/A,No,0.00,0.00,+0.00
2025-11-07 17:11:03,20251107171003512,0.00,N/A,No,0.00,0.00,+0.00
2025-11-07 17:12:03,20251107171103623,0.00,N/A,No,0.00,0.00,+0.00
2025-11-07 17:13:04,20251107171203906,0.00,N/A,No,0.00,0.00,+0.00
2025-11-07 17:14:04,20251107171304068,0.00,N/A,No,0.00,0.00,+0.00
2025-11-07 17:15:04,20251107171404289,0.00,N/A,No,0.00,0.00,+0.00
2025-11-07 17:16:04,20251107171504589,0.00,N/A,No,0.00,0.00,+0.00
2025-11-07 17:17:04,20251107171604759,0.00,N/A,No,0.00,0.00,+0.00
2025-11-07 17:18:04,20251107171704893,0.00,N/A,No,0.00,0.00,+0.00
2025-11-07 17:19:05,20251107171804928,0.00,N/A,No,0.00,0.00,+0.00
2025-11-07 17:20:05,20251107171905115,0.00,N/A,No,0.00,0.00,+0.00
2025-11-07 17:21:05,20251107172005316,0.00,N/A,No,0.00,0.00,+0.00
2025-11-07 17:22:06,20251107172105768,0.00,N/A,No,0.00,0.00,+0.00
2025-11-07 17:23:06,20251107172206411,0.00,N/A,No,0.00,0.00,+0.00
2025-11-07 17:24:07,20251107172306942,0.00,N/A,No,0.00,0.00,+0.00
2025-11-07 17:25:07,20251107172407355,0.00,N/A,No,0.00,0.00,+0.00
2025-11-07 17:26:07,20251107172507857,0.00,N/A,No,0.00,0.00,+0.00
2025-11-07 17:27:08,20251107172607884,0.00,N/A,No,0.00,0.00,+0.00
2025-11-07 17:28:08,20251107172708112,0.00,N/A,No,0.00,0.00,+0.00
2025-11-07 17:29:08,20251107172808558,0.00,N/A,No,0.00,0.00,+0.00
2025-11-07 17:30:08,20251107172908582,0.00,N/A,No,0.00,0.00,+0.00
2025-11-07 17:31:09,20251107173008986,0.00,N/A,No,0.00,0.00,+0.00
2025-11-07 17:32:09,20251107173109158,0.00,N/A,No,0.00,0.00,+0.00
2025-11-07 17:33:10,20251107173209575,0.00,N/A,No,0.00,0.00,+0.00
2025-11-07 17:34:10,20251107173310090,0.00,N/A,No,0.00,0.00,+0.00
2025-11-07 17:35:10,20251107173410477,0.00,N/A,No,0.00,0.00,+0.00
2025-11-07 17:36:10,20251107173510843,0.00,N/A,No,0.00,0.00,+0.00
2025-11-07 17:37:10,20251107173610874,0.00,N/A,No,0.00,0.00,+0.00
2025-11-07 17:38:11,20251107173710909,0.00,N/A,No,0.00,0.00,+0.00
2025-11-07 18:36:17,20251107173811041,0.00,N/A,No,0.00,0.00,+0.00
2025-11-07 18:37:17,20251107183617207,0.00,N/A,No,0.00,0.00,+0.00
2025-11-07 18:38:17,20251107183717434,0.00,N/A,No,0.00,0.00,+0.00
2025-11-07 18:39:17,20251107183817516,0.00,N/A,No,0.00,0.00,+0.00
2025-11-07 18:40:17,20251107183917705,0.00,N/A,No,0.00,0.00,+0.00
2025-11-07 18:41:17,20251107184017786,0.00,N/A,No,0.00,0.00,+0.00
2025-11-07 18:42:18,20251107184118027,0.00,N/A,No,0.00,0.00,+0.00
2025-11-07 18:43:18,20251107184218260,0.00,N/A,No,0.00,0.00,+0.00
2025-11-07 18:44:18,20251107184318484,0.00,N/A,No,0.00,0.00,+0.00
2025-11-07 18:45:18,20251107184418785,0.00,N/A,No,0.00,0.00,+0.00
2025-11-07 18:46:18,20251107184518829,0.00,N/A,No,0.00,0.00,+0.00
2025-11-07 18:47:19,20251107184618887,0.00,N/A,No,0.00,0.00,+0.00
2025-11-07 18:48:19,20251107184719232,0.00,N/A,No,0.00,0.00,+0.00
2025-11-07 18:49:19,20251107184819552,0.00,N/A,No,0.00,0.00,+0.00
2025-11-07 18:50:19,20251107184919589,0.00,N/A,No,0.00,0.00,+0.00
2025-11-07 18:51:20,20251107185019857,0.00,N/A,No,0.00,0.00,+0.00
2025-11-07 18:52:20,20251107185120077,0.00,N/A,No,0.00,0.00,+0.00
2025-11-07 18:53:20,20251107185220346,0.00,N/A,No,0.00,0.00,+0.00
2025-11-07 18:54:20,20251107185320491,0.00,N/A,No,0.00,0.00,+0.00
2025-11-07 18:55:20,20251107185420558,0.00,N/A,No,0.00,0.00,+0.00
2025-11-07 18:56:21,20251107185520853,0.00,N/A,No,0.00,0.00,+0.00
2025-11-07 18:57:21,20251107185621040,0.00,N/A,No,0.00,0.00,+0.00
2025-11-07 18:58:21,20251107185721189,0.00,N/A,No,0.00,0.00,+0.00
2025-11-07 18:59:21,20251107185821343,0.00,N/A,No,0.00,0.00,+0.00
2025-11-07 19:00:21,20251107185921698,0.00,N/A,No,0.00,0.00,+0.00
2025-11-07 19:01:22,20251107190021878,0.00,N/A,No,0.00,0.00,+0.00
2025-11-07 19:02:22,20251107190122122,0.00,N/A,No,0.00,0.00,+0.00
2025-11-07 19:03:22,20251107190222225,0.00,N/A,No,0.00,0.00,+0.00
2025-11-07 19:04:22,20251107190322464,0.00,N/A,No,0.00,0.00,+0.00
2025-11-07 19:05:22,20251107190422676,0.00,N/A,No,0.00,0.00,+0.00
2025-11-07 19:06:23,20251107190522963,0.00,N/A,No,0.00,0.00,+0.00
2025-11-07 19:07:23,20251107190623130,0.00,N/A,No,0.00,0.00,+0.00
2025-11-07 19:08:23,20251107190723148,0.00,N/A,No,0.00,0.00,+0.00
2025-11-07 19:09:23,20251107190823547,0.00,N/A,No,0.00,0.00,+0.00
2025-11-07 19:10:24,20251107190923842,0.00,N/A,No,0.00,0.00,+0.00
2025-11-07 19:11:24,20251107191024080,0.00,N/A,No,0.00,0.00,+0.00
2025-11-07 19:12:24,20251107191124284,0.00,N/A,No,0.00,0.00,+0.00
2025-11-07 19:13:24,20251107191224579,0.00,N/A,No,0.00,0.00,+0.00
2025-11-07 19:14:25,20251107191324912,0.00,N/A,No,0.00,0.00,+0.00
2025-11-07 19:15:25,20251107191425254,0.00,N/A,No,0.00,0.00,+0.00
2025-11-07 19:16:25,20251107191525389,0.00,N/A,No,0.00,0.00,+0.00
2025-11-07 19:17:25,20251107191625471,0.00,N/A,No,0.00,0.00,+0.00
2025-11-07 19:18:26,20251107191725671,0.00,N/A,No,0.00,0.00,+0.00
2025-11-07 19:19:26,20251107191826031,0.00,N/A,No,0.00,0.00,+0.00
2025-11-07 19:20:26,20251107191926051,0.00,N/A,No,0.00,0.00,+0.00
2025-11-07 19:21:26,20251107192026325,0.00,N/A,No,0.00,0.00,+0.00
2025-11-07 19:22:26,20251107192126500,0.00,N/A,No,0.00,0.00,+0.00
2025-11-07 19:23:26,20251107192226673,0.00,N/A,No,0.00,0.00,+0.00
2025-11-07 19:24:26,20251107192326704,0.00,N/A,No,0.00,0.00,+0.00
2025-11-07 19:25:26,20251107192426720,0.00,N/A,No,0.00,0.00,+0.00
2025-11-07 19:26:26,20251107192526849,0.00,N/A,No,0.00,0.00,+0.00
2025-11-07 19:27:27,20251107192626958,0.00,N/A,No,0.00,0.00,+0.00
2025-11-07 19:28:27,20251107192727221,0.00,N/A,No,0.00,0.00,+0.00
2025-11-07 19:29:27,20251107192827530,0.00,N/A,No,0.00,0.00,+0.00
2025-11-07 19:30:27,20251107192927769,0.00,N/A,No,0.00,0.00,+0.00
2025-11-07 19:31:27,20251107193027854,0.00,N/A,No,0.00,0.00,+0.00
2025-11-07 19:32:28,20251107193127939,0.00,N/A,No,0.00,0.00,+0.00
2025-11-07 19:33:28,20251107193228294,0.00,N/A,No,0.00,0.00,+0.00
2025-11-07 19:34:28,20251107193328580,0.00,N/A,No,0.00,0.00,+0.00
2025-11-07 19:35:28,20251107193428792,0.00,N/A,No,0.00,0.00,+0.00
2025-11-07 19:36:29,20251107193529004,0.00,N/A,No,0.00,0.00,+0.00
2025-11-07 19:37:29,20251107193629141,0.00,N/A,No,0.00,0.00,+0.00
2025-11-07 19:38:29,20251107193729326,0.00,N/A,No,0.00,0.00,+0.00
2025-11-07 19:39:29,20251107193829563,0.00,N/A,No,0.00,0.00,+0.00
2025-11-07 19:40:29,20251107193929761,0.00,N/A,No,0.00,0.00,+0.00
2025-11-07 19:41:30,20251107194029960,0.00,N/A,No,0.00,0.00,+0.00
2025-11-07 19:42:30,20251107194130265,0.00,N/A,No,0.00,0.00,+0.00
2025-11-07 19:43:30,20251107194230557,0.00,N/A,No,0.00,0.00,+0.00
2025-11-07 19:44:31,20251107194330912,0.00,N/A,No,0.00,0.00,+0.00
2025-11-07 19:45:31,20251107194431289,0.00,N/A,No,0.00,0.00,+0.00
2025-11-07 19:46:31,20251107194531658,0.00,N/A,No,0.00,0.00,+0.00
2025-11-07 19:47:31,20251107194631784,0.00,N/A,No,0.00,0.00,+0.00
2025-11-07 19:48:31,20251107194731822,0.00,N/A,No,0.00,0.00,+0.00
2025-11-07 19:49:32,20251107194831979,0.00,N/A,No,0.00,0.00,+0.00
2025-11-07 19:50:32,20251107194932042,0.00,N/A,No,0.00,0.00,+0.00
2025-11-07 19:51:32,20251107195032274,0.00,N/A,No,0.00,0.00,+0.00
2025-11-07 19:52:32,20251107195132632,0.00,N/A,No,0.00,0.00,+0.00
2025-11-07 19:53:33,20251107195232877,0.00,N/A,No,0.00,0.00,+0.00
2025-11-07 19:54:33,20251107195333121,0.00,N/A,No,0.00,0.00,+0.00
2025-11-07 19:55:33,20251107195433346,0.00,N/A,No,0.00,0.00,+0.00
2025-11-07 19:56:33,20251107195533652,0.00,N/A,No,0.00,0.00,+0.00
2025-11-07 19:57:34,20251107195633875,0.00,N/A,No,0.00,0.00,+0.00
2025-11-07 19:58:34,20251107195734249,0.00,N/A,No,0.00,0.00,+0.00
2025-11-07 19:59:35,20251107195834640,0.00,N/A,No,0.00,0.00,+0.00
2025-11-07 20:00:35,20251107195935072,0.00,N/A,No,0.00,0.00,+0.00
2025-11-07 20:01:35,20251107200035202,0.00,N/A,No,0.00,0.00,+0.00
2025-11-07 20:02:35,20251107200135406,0.00,N/A,No,0.00,0.00,+0.00
2025-11-07 20:03:36,20251107200235908,0.00,N/A,No,0.00,0.00,+0.00
2025-11-07 20:04:36,20251107200336206,0.00,N/A,No,0.00,0.00,+0.00
2025-11-07 20:05:36,20251107200436501,0.00,N/A,No,0.00,0.00,+0.00
2025-11-07 20:06:37,20251107200537014,0.00,N/A,No,0.00,0.00,+0.00
2025-11-07 20:07:37,20251107200637659,0.00,N/A,No,0.00,0.00,+0.00
2025-11-07 20:08:38,20251107200737932,0.00,N/A,No,0.00,0.00,+0.00
2025-11-07 20:09:38,20251107200838518,0.00,N/A,No,0.00,0.00,+0.00
2025-11-07 22:53:04,20251107200939012,0.00,N/A,No,0.00,0.00,+0.00
2025-11-07 22:54:05,20251107225305082,0.00,N/A,No,0.00,0.00,+0.00
2025-11-07 22:55:05,20251107225405239,0.00,N/A,No,0.00,0.00,+0.00
2025-11-07 22:56:26,20251107225618773,0.00,N/A,Yes,30.00,-30.00,+0.00
2025-11-07 23:16:38,20251107231634507,0.00,N/A,No,0.00,0.00,+0.00
2025-11-07 23:16:46,20251107231638749,0.00,N/A,No,0.00,0.00,+0.00
2025-11-07 23:16:54,20251107231646526,0.00,N/A,No,0.00,0.00,+0.00
2025-11-07 23:19:00,20251107231852210,0.00,N/A,Yes,30.00,-30.00,+0.00
2025-11-07 23:26:11,20251107232606931,0.00,N/A,No,0.00,0.00,+0.00
2025-11-07 23:26:36,20251107232611598,0.00,N/A,No,0.00,0.00,+0.00
2025-11-08 01:09:57,20251108010953002,0.00,N/A,No,0.00,0.00,+0.00
2025-11-08 01:19:59,20251108011955084,0.00,N/A,No,0.00,0.00,+0.00
2025-11-08 01:20:07,20251108011959372,0.00,N/A,No,0.00,0.00,+0.00
2025-11-08 01:20:16,20251108012007118,0.00,N/A,No,0.00,0.00,+0.00
2025-11-11 01:25:26,20251111012521622,0.00,N/A,No,0.00,0.00,+0.00
2025-11-11 01:25:42,20251111012526227,0.00,N/A,No,0.00,0.00,+0.00
2025-11-11 01:26:23,20251111012542038,0.00,N/A,No,0.00,0.00,+0.00
2025-11-11 01:27:22,20251111012623820,0.00,N/A,No,0.00,0.00,+0.00
2025-11-11 01:27:54,20251111012722687,0.00,N/A,No,0.00,0.00,+0.00
2025-11-11 01:28:34,20251111012754678,0.00,N/A,No,0.00,0.00,+0.00
2025-11-11 01:28:49,20251111012834686,0.00,N/A,No,0.00,0.00,+0.00
2025-11-11 01:29:00,20251111012849075,0.00,N/A,No,0.00,0.00,+0.00
2025-11-11 01:29:21,20251111012900494,0.00,N/A,No,0.00,0.00,+0.00
2025-11-11 01:29:52,20251111012921038,0.00,N/A,No,0.00,0.00,+0.00
2025-11-11 01:30:05,20251111012952958,0.00,N/A,No,0.00,0.00,+0.00
2025-11-11 01:30:49,20251111013005898,0.00,N/A,No,0.00,0.00,+0.00
2025-11-11 02:41:23,20251111024114822,0.00,N/A,No,0.00,0.00,+0.00
2025-11-11 02:46:30,20251111024626105,0.00,N/A,No,0.00,0.00,+0.00
2025-11-11 02:46:38,20251111024630580,0.00,N/A,No,0.00,0.00,+0.00
2025-11-11 02:47:04,20251111024638746,0.00,N/A,No,0.00,0.00,+0.00
2025-11-11 02:47:30,20251111024704581,0.00,N/A,No,0.00,0.00,+0.00
2025-11-11 02:48:25,20251111024730245,0.00,N/A,No,0.00,0.00,+0.00
2025-11-11 02:48:36,20251111024825227,0.00,N/A,No,0.00,0.00,+0.00
2025-11-11 02:48:46,20251111024836178,0.00,N/A,No,0.00,0.00,+0.00
2025-11-11 02:49:07,20251111024846016,0.00,N/A,No,0.00,0.00,+0.00
2025-11-11 02:49:50,20251111024907148,0.00,N/A,No,0.00,0.00,+0.00
2025-11-11 02:50:03,20251111024950710,0.00,N/A,No,0.00,0.00,+0.00
2025-11-11 02:50:32,20251111025003808,0.00,N/A,No,0.00,0.00,+0.00
2025-11-11 02:50:47,20251111025032771,0.00,N/A,No,0.00,0.00,+0.00
2025-11-11 02:50:59,20251111025047424,0.00,N/A,No,0.00,0.00,+0.00
2025-11-11 02:51:23,20251111025059862,0.00,N/A,No,0.00,0.00,+0.00
2025-11-11 02:51:41,20251111025123146,0.00,N/A,No,0.00,0.00,+0.00
2025-11-11 02:52:00,20251111025141111,0.00,N/A,No,0.00,0.00,+0.00
2025-11-11 02:52:53,20251111025200077,0.00,N/A,No,0.00,0.00,+0.00
2025-11-11 02:53:09,20251111025253258,0.00,N/A,No,0.00,0.00,+0.00
2025-11-11 02:53:23,20251111025309051,0.00,N/A,No,0.00,0.00,+0.00
2025-11-11 02:53:44,20251111025323549,0.00,N/A,No,0.00,0.00,+0.00
2025-11-11 02:53:54,20251111025344161,0.00,N/A,No,0.00,0.00,+0.00
2025-11-11 03:08:44,20251111030839730,0.00,N/A,No,0.00,0.00,+0.00
2025-11-12 00:28:34,20251112002823701,0.00,N/A,Yes,10.00,-10.00,+0.00
2025-11-12 00:28:42,20251112002834225,0.00,N/A,Yes,10.00,-10.00,+0.00
2025-11-12 00:28:51,20251112002842814,0.00,N/A,Yes,10.00,-10.00,+0.00
2025-11-12 00:29:00,20251112002851712,0.00,N/A,Yes,10.00,-10.00,+0.00
2025-11-12 00:32:44,20251112003236066,0.00,N/A,Yes,10.00,-10.00,+0.00
2025-11-12 00:50:46,20251112005021599,0.00,N/A,Yes,10.00,-10.00,+0.00
2025-11-12 00:51:46,20251112005046174,0.00,N/A,No,0.00,0.00,+0.00
2025-11-12 01:13:43,20251112011323026,0.00,N/A,No,0.00,0.00,+0.00
2025-11-12 01:59:29,20251112015922132,0.00,N/A,No,0.00,0.00,+0.00
2025-11-12 02:08:38,20251112020830315,0.00,N/A,No,0.00,0.00,+0.00
2025-11-12 02:15:52,20251112021545190,0.00,N/A,Yes,10.00,-10.00,+0.00
2025-11-12 03:46:29,20251112034624608,0.00,N/A,No,0.00,0.00,+0.00
2025-11-12 03:46:36,20251112034629225,0.00,N/A,No,0.00,0.00,+0.00
